[0.158s] DEBUG:colcon:Command line arguments: ['/usr/bin/colcon', 'build']
[0.158s] DEBUG:colcon:Parsed command line arguments: Namespace(log_base=None, log_level=None, verb_name='build', build_base='build', install_base='install', merge_install=False, symlink_install=False, test_result_base=None, continue_on_error=False, executor='parallel', parallel_workers=8, event_handlers=None, ignore_user_meta=False, metas=['./colcon.meta'], base_paths=['.'], packages_ignore=None, packages_ignore_regex=None, paths=None, packages_up_to=None, packages_up_to_regex=None, packages_above=None, packages_above_and_dependencies=None, packages_above_depth=None, packages_select_by_dep=None, packages_skip_by_dep=None, packages_skip_up_to=None, packages_select_build_failed=False, packages_skip_build_finished=False, packages_select_test_failures=False, packages_skip_test_passed=False, packages_select=None, packages_skip=None, packages_select_regex=None, packages_skip_regex=None, packages_start=None, packages_end=None, allow_overriding=[], cmake_args=None, cmake_target=None, cmake_target_skip_unavailable=False, cmake_clean_cache=False, cmake_clean_first=False, cmake_force_configure=False, ament_cmake_args=None, catkin_cmake_args=None, catkin_skip_building_tests=False, mixin_files=None, mixin=None, verb_parser=<colcon_mixin.mixin.mixin_argument.MixinArgumentDecorator object at 0x70d342ee23c0>, verb_extension=<colcon_core.verb.build.BuildVerb object at 0x70d342ee2030>, main=<bound method BuildVerb.main of <colcon_core.verb.build.BuildVerb object at 0x70d342ee2030>>, mixin_verb=('build',))
[0.213s] Level 1:colcon.colcon_core.package_discovery:discover_packages(colcon_meta) check parameters
[0.213s] Level 1:colcon.colcon_core.package_discovery:discover_packages(recursive) check parameters
[0.213s] Level 1:colcon.colcon_core.package_discovery:discover_packages(ignore) check parameters
[0.213s] Level 1:colcon.colcon_core.package_discovery:discover_packages(path) check parameters
[0.213s] Level 1:colcon.colcon_core.package_discovery:discover_packages(colcon_meta) discover
[0.213s] Level 1:colcon.colcon_core.package_discovery:discover_packages(recursive) discover
[0.213s] INFO:colcon.colcon_core.package_discovery:Crawling recursively for packages in '/home/student2/my_ur_ws/src/my_ur_ROS2'
[0.213s] Level 1:colcon.colcon_core.package_identification:_identify(.) by extensions ['ignore', 'ignore_ament_install']
[0.214s] Level 1:colcon.colcon_core.package_identification:_identify(.) by extension 'ignore'
[0.214s] Level 1:colcon.colcon_core.package_identification:_identify(.) by extension 'ignore_ament_install'
[0.214s] Level 1:colcon.colcon_core.package_identification:_identify(.) by extensions ['colcon_pkg']
[0.214s] Level 1:colcon.colcon_core.package_identification:_identify(.) by extension 'colcon_pkg'
[0.214s] Level 1:colcon.colcon_core.package_identification:_identify(.) by extensions ['colcon_meta']
[0.214s] Level 1:colcon.colcon_core.package_identification:_identify(.) by extension 'colcon_meta'
[0.214s] Level 1:colcon.colcon_core.package_identification:_identify(.) by extensions ['ros']
[0.214s] Level 1:colcon.colcon_core.package_identification:_identify(.) by extension 'ros'
[0.241s] Level 1:colcon.colcon_core.package_identification:_identify(.) by extensions ['cmake', 'python']
[0.241s] Level 1:colcon.colcon_core.package_identification:_identify(.) by extension 'cmake'
[0.241s] Level 1:colcon.colcon_core.package_identification:_identify(.) by extension 'python'
[0.241s] Level 1:colcon.colcon_core.package_identification:_identify(.) by extensions ['python_setup_py']
[0.241s] Level 1:colcon.colcon_core.package_identification:_identify(.) by extension 'python_setup_py'
[0.242s] Level 1:colcon.colcon_core.package_identification:_identify(build) by extensions ['ignore', 'ignore_ament_install']
[0.242s] Level 1:colcon.colcon_core.package_identification:_identify(build) by extension 'ignore'
[0.242s] Level 1:colcon.colcon_core.package_identification:_identify(build) ignored
[0.242s] Level 1:colcon.colcon_core.package_identification:_identify(documentation) by extensions ['ignore', 'ignore_ament_install']
[0.242s] Level 1:colcon.colcon_core.package_identification:_identify(documentation) by extension 'ignore'
[0.242s] Level 1:colcon.colcon_core.package_identification:_identify(documentation) by extension 'ignore_ament_install'
[0.242s] Level 1:colcon.colcon_core.package_identification:_identify(documentation) by extensions ['colcon_pkg']
[0.242s] Level 1:colcon.colcon_core.package_identification:_identify(documentation) by extension 'colcon_pkg'
[0.242s] Level 1:colcon.colcon_core.package_identification:_identify(documentation) by extensions ['colcon_meta']
[0.242s] Level 1:colcon.colcon_core.package_identification:_identify(documentation) by extension 'colcon_meta'
[0.242s] Level 1:colcon.colcon_core.package_identification:_identify(documentation) by extensions ['ros']
[0.242s] Level 1:colcon.colcon_core.package_identification:_identify(documentation) by extension 'ros'
[0.242s] Level 1:colcon.colcon_core.package_identification:_identify(documentation) by extensions ['cmake', 'python']
[0.242s] Level 1:colcon.colcon_core.package_identification:_identify(documentation) by extension 'cmake'
[0.242s] Level 1:colcon.colcon_core.package_identification:_identify(documentation) by extension 'python'
[0.242s] Level 1:colcon.colcon_core.package_identification:_identify(documentation) by extensions ['python_setup_py']
[0.242s] Level 1:colcon.colcon_core.package_identification:_identify(documentation) by extension 'python_setup_py'
[0.242s] Level 1:colcon.colcon_core.package_identification:_identify(documentation/_static) by extensions ['ignore', 'ignore_ament_install']
[0.242s] Level 1:colcon.colcon_core.package_identification:_identify(documentation/_static) by extension 'ignore'
[0.243s] Level 1:colcon.colcon_core.package_identification:_identify(documentation/_static) by extension 'ignore_ament_install'
[0.243s] Level 1:colcon.colcon_core.package_identification:_identify(documentation/_static) by extensions ['colcon_pkg']
[0.243s] Level 1:colcon.colcon_core.package_identification:_identify(documentation/_static) by extension 'colcon_pkg'
[0.243s] Level 1:colcon.colcon_core.package_identification:_identify(documentation/_static) by extensions ['colcon_meta']
[0.243s] Level 1:colcon.colcon_core.package_identification:_identify(documentation/_static) by extension 'colcon_meta'
[0.243s] Level 1:colcon.colcon_core.package_identification:_identify(documentation/_static) by extensions ['ros']
[0.243s] Level 1:colcon.colcon_core.package_identification:_identify(documentation/_static) by extension 'ros'
[0.243s] Level 1:colcon.colcon_core.package_identification:_identify(documentation/_static) by extensions ['cmake', 'python']
[0.243s] Level 1:colcon.colcon_core.package_identification:_identify(documentation/_static) by extension 'cmake'
[0.243s] Level 1:colcon.colcon_core.package_identification:_identify(documentation/_static) by extension 'python'
[0.243s] Level 1:colcon.colcon_core.package_identification:_identify(documentation/_static) by extensions ['python_setup_py']
[0.243s] Level 1:colcon.colcon_core.package_identification:_identify(documentation/_static) by extension 'python_setup_py'
[0.243s] Level 1:colcon.colcon_core.package_identification:_identify(documentation/documentation) by extensions ['ignore', 'ignore_ament_install']
[0.243s] Level 1:colcon.colcon_core.package_identification:_identify(documentation/documentation) by extension 'ignore'
[0.243s] Level 1:colcon.colcon_core.package_identification:_identify(documentation/documentation) by extension 'ignore_ament_install'
[0.243s] Level 1:colcon.colcon_core.package_identification:_identify(documentation/documentation) by extensions ['colcon_pkg']
[0.243s] Level 1:colcon.colcon_core.package_identification:_identify(documentation/documentation) by extension 'colcon_pkg'
[0.243s] Level 1:colcon.colcon_core.package_identification:_identify(documentation/documentation) by extensions ['colcon_meta']
[0.243s] Level 1:colcon.colcon_core.package_identification:_identify(documentation/documentation) by extension 'colcon_meta'
[0.243s] Level 1:colcon.colcon_core.package_identification:_identify(documentation/documentation) by extensions ['ros']
[0.243s] Level 1:colcon.colcon_core.package_identification:_identify(documentation/documentation) by extension 'ros'
[0.244s] Level 1:colcon.colcon_core.package_identification:_identify(documentation/documentation) by extensions ['cmake', 'python']
[0.244s] Level 1:colcon.colcon_core.package_identification:_identify(documentation/documentation) by extension 'cmake'
[0.244s] Level 1:colcon.colcon_core.package_identification:_identify(documentation/documentation) by extension 'python'
[0.244s] Level 1:colcon.colcon_core.package_identification:_identify(documentation/documentation) by extensions ['python_setup_py']
[0.244s] Level 1:colcon.colcon_core.package_identification:_identify(documentation/documentation) by extension 'python_setup_py'
[0.244s] Level 1:colcon.colcon_core.package_identification:_identify(documentation/images) by extensions ['ignore', 'ignore_ament_install']
[0.244s] Level 1:colcon.colcon_core.package_identification:_identify(documentation/images) by extension 'ignore'
[0.244s] Level 1:colcon.colcon_core.package_identification:_identify(documentation/images) by extension 'ignore_ament_install'
[0.244s] Level 1:colcon.colcon_core.package_identification:_identify(documentation/images) by extensions ['colcon_pkg']
[0.244s] Level 1:colcon.colcon_core.package_identification:_identify(documentation/images) by extension 'colcon_pkg'
[0.244s] Level 1:colcon.colcon_core.package_identification:_identify(documentation/images) by extensions ['colcon_meta']
[0.244s] Level 1:colcon.colcon_core.package_identification:_identify(documentation/images) by extension 'colcon_meta'
[0.244s] Level 1:colcon.colcon_core.package_identification:_identify(documentation/images) by extensions ['ros']
[0.244s] Level 1:colcon.colcon_core.package_identification:_identify(documentation/images) by extension 'ros'
[0.244s] Level 1:colcon.colcon_core.package_identification:_identify(documentation/images) by extensions ['cmake', 'python']
[0.244s] Level 1:colcon.colcon_core.package_identification:_identify(documentation/images) by extension 'cmake'
[0.244s] Level 1:colcon.colcon_core.package_identification:_identify(documentation/images) by extension 'python'
[0.244s] Level 1:colcon.colcon_core.package_identification:_identify(documentation/images) by extensions ['python_setup_py']
[0.244s] Level 1:colcon.colcon_core.package_identification:_identify(documentation/images) by extension 'python_setup_py'
[0.244s] Level 1:colcon.colcon_core.package_identification:_identify(install) by extensions ['ignore', 'ignore_ament_install']
[0.244s] Level 1:colcon.colcon_core.package_identification:_identify(install) by extension 'ignore'
[0.245s] Level 1:colcon.colcon_core.package_identification:_identify(install) ignored
[0.245s] Level 1:colcon.colcon_core.package_identification:_identify(log) by extensions ['ignore', 'ignore_ament_install']
[0.245s] Level 1:colcon.colcon_core.package_identification:_identify(log) by extension 'ignore'
[0.245s] Level 1:colcon.colcon_core.package_identification:_identify(log) ignored
[0.245s] Level 1:colcon.colcon_core.package_identification:_identify(migrate) by extensions ['ignore', 'ignore_ament_install']
[0.245s] Level 1:colcon.colcon_core.package_identification:_identify(migrate) by extension 'ignore'
[0.245s] Level 1:colcon.colcon_core.package_identification:_identify(migrate) by extension 'ignore_ament_install'
[0.245s] Level 1:colcon.colcon_core.package_identification:_identify(migrate) by extensions ['colcon_pkg']
[0.245s] Level 1:colcon.colcon_core.package_identification:_identify(migrate) by extension 'colcon_pkg'
[0.245s] Level 1:colcon.colcon_core.package_identification:_identify(migrate) by extensions ['colcon_meta']
[0.245s] Level 1:colcon.colcon_core.package_identification:_identify(migrate) by extension 'colcon_meta'
[0.245s] Level 1:colcon.colcon_core.package_identification:_identify(migrate) by extensions ['ros']
[0.245s] Level 1:colcon.colcon_core.package_identification:_identify(migrate) by extension 'ros'
[0.245s] Level 1:colcon.colcon_core.package_identification:_identify(migrate) by extensions ['cmake', 'python']
[0.245s] Level 1:colcon.colcon_core.package_identification:_identify(migrate) by extension 'cmake'
[0.245s] Level 1:colcon.colcon_core.package_identification:_identify(migrate) by extension 'python'
[0.245s] Level 1:colcon.colcon_core.package_identification:_identify(migrate) by extensions ['python_setup_py']
[0.245s] Level 1:colcon.colcon_core.package_identification:_identify(migrate) by extension 'python_setup_py'
[0.245s] Level 1:colcon.colcon_core.package_identification:_identify(my_ur) by extensions ['ignore', 'ignore_ament_install']
[0.246s] Level 1:colcon.colcon_core.package_identification:_identify(my_ur) by extension 'ignore'
[0.246s] Level 1:colcon.colcon_core.package_identification:_identify(my_ur) by extension 'ignore_ament_install'
[0.246s] Level 1:colcon.colcon_core.package_identification:_identify(my_ur) by extensions ['colcon_pkg']
[0.246s] Level 1:colcon.colcon_core.package_identification:_identify(my_ur) by extension 'colcon_pkg'
[0.246s] Level 1:colcon.colcon_core.package_identification:_identify(my_ur) by extensions ['colcon_meta']
[0.246s] Level 1:colcon.colcon_core.package_identification:_identify(my_ur) by extension 'colcon_meta'
[0.246s] Level 1:colcon.colcon_core.package_identification:_identify(my_ur) by extensions ['ros']
[0.246s] Level 1:colcon.colcon_core.package_identification:_identify(my_ur) by extension 'ros'
[0.249s] DEBUG:colcon.colcon_core.package_identification:Package 'my_ur' with type 'ros.ament_cmake' and name 'my_ur'
[0.249s] Level 1:colcon.colcon_core.package_identification:_identify(my_ur_bringup) by extensions ['ignore', 'ignore_ament_install']
[0.249s] Level 1:colcon.colcon_core.package_identification:_identify(my_ur_bringup) by extension 'ignore'
[0.249s] Level 1:colcon.colcon_core.package_identification:_identify(my_ur_bringup) by extension 'ignore_ament_install'
[0.249s] Level 1:colcon.colcon_core.package_identification:_identify(my_ur_bringup) by extensions ['colcon_pkg']
[0.250s] Level 1:colcon.colcon_core.package_identification:_identify(my_ur_bringup) by extension 'colcon_pkg'
[0.250s] Level 1:colcon.colcon_core.package_identification:_identify(my_ur_bringup) by extensions ['colcon_meta']
[0.250s] Level 1:colcon.colcon_core.package_identification:_identify(my_ur_bringup) by extension 'colcon_meta'
[0.250s] Level 1:colcon.colcon_core.package_identification:_identify(my_ur_bringup) by extensions ['ros']
[0.250s] Level 1:colcon.colcon_core.package_identification:_identify(my_ur_bringup) by extension 'ros'
[0.250s] DEBUG:colcon.colcon_core.package_identification:Package 'my_ur_bringup' with type 'ros.ament_python' and name 'my_ur_bringup'
[0.250s] Level 1:colcon.colcon_core.package_identification:_identify(my_ur_demo) by extensions ['ignore', 'ignore_ament_install']
[0.250s] Level 1:colcon.colcon_core.package_identification:_identify(my_ur_demo) by extension 'ignore'
[0.250s] Level 1:colcon.colcon_core.package_identification:_identify(my_ur_demo) by extension 'ignore_ament_install'
[0.250s] Level 1:colcon.colcon_core.package_identification:_identify(my_ur_demo) by extensions ['colcon_pkg']
[0.250s] Level 1:colcon.colcon_core.package_identification:_identify(my_ur_demo) by extension 'colcon_pkg'
[0.251s] Level 1:colcon.colcon_core.package_identification:_identify(my_ur_demo) by extensions ['colcon_meta']
[0.251s] Level 1:colcon.colcon_core.package_identification:_identify(my_ur_demo) by extension 'colcon_meta'
[0.251s] Level 1:colcon.colcon_core.package_identification:_identify(my_ur_demo) by extensions ['ros']
[0.251s] Level 1:colcon.colcon_core.package_identification:_identify(my_ur_demo) by extension 'ros'
[0.251s] DEBUG:colcon.colcon_core.package_identification:Package 'my_ur_demo' with type 'ros.ament_python' and name 'my_ur_demo'
[0.251s] Level 1:colcon.colcon_core.package_identification:_identify(my_ur_demo_cpp) by extensions ['ignore', 'ignore_ament_install']
[0.251s] Level 1:colcon.colcon_core.package_identification:_identify(my_ur_demo_cpp) by extension 'ignore'
[0.251s] Level 1:colcon.colcon_core.package_identification:_identify(my_ur_demo_cpp) by extension 'ignore_ament_install'
[0.251s] Level 1:colcon.colcon_core.package_identification:_identify(my_ur_demo_cpp) by extensions ['colcon_pkg']
[0.251s] Level 1:colcon.colcon_core.package_identification:_identify(my_ur_demo_cpp) by extension 'colcon_pkg'
[0.251s] Level 1:colcon.colcon_core.package_identification:_identify(my_ur_demo_cpp) by extensions ['colcon_meta']
[0.251s] Level 1:colcon.colcon_core.package_identification:_identify(my_ur_demo_cpp) by extension 'colcon_meta'
[0.252s] Level 1:colcon.colcon_core.package_identification:_identify(my_ur_demo_cpp) by extensions ['ros']
[0.252s] Level 1:colcon.colcon_core.package_identification:_identify(my_ur_demo_cpp) by extension 'ros'
[0.252s] DEBUG:colcon.colcon_core.package_identification:Package 'my_ur_demo_cpp' with type 'ros.ament_cmake' and name 'my_ur_demo_cpp'
[0.252s] Level 1:colcon.colcon_core.package_identification:_identify(my_ur_description) by extensions ['ignore', 'ignore_ament_install']
[0.252s] Level 1:colcon.colcon_core.package_identification:_identify(my_ur_description) by extension 'ignore'
[0.252s] Level 1:colcon.colcon_core.package_identification:_identify(my_ur_description) by extension 'ignore_ament_install'
[0.252s] Level 1:colcon.colcon_core.package_identification:_identify(my_ur_description) by extensions ['colcon_pkg']
[0.252s] Level 1:colcon.colcon_core.package_identification:_identify(my_ur_description) by extension 'colcon_pkg'
[0.252s] Level 1:colcon.colcon_core.package_identification:_identify(my_ur_description) by extensions ['colcon_meta']
[0.252s] Level 1:colcon.colcon_core.package_identification:_identify(my_ur_description) by extension 'colcon_meta'
[0.252s] Level 1:colcon.colcon_core.package_identification:_identify(my_ur_description) by extensions ['ros']
[0.252s] Level 1:colcon.colcon_core.package_identification:_identify(my_ur_description) by extension 'ros'
[0.253s] DEBUG:colcon.colcon_core.package_identification:Package 'my_ur_description' with type 'ros.ament_cmake' and name 'my_ur_description'
[0.253s] Level 1:colcon.colcon_core.package_identification:_identify(my_ur_moveit_config) by extensions ['ignore', 'ignore_ament_install']
[0.253s] Level 1:colcon.colcon_core.package_identification:_identify(my_ur_moveit_config) by extension 'ignore'
[0.253s] Level 1:colcon.colcon_core.package_identification:_identify(my_ur_moveit_config) by extension 'ignore_ament_install'
[0.253s] Level 1:colcon.colcon_core.package_identification:_identify(my_ur_moveit_config) by extensions ['colcon_pkg']
[0.253s] Level 1:colcon.colcon_core.package_identification:_identify(my_ur_moveit_config) by extension 'colcon_pkg'
[0.253s] Level 1:colcon.colcon_core.package_identification:_identify(my_ur_moveit_config) by extensions ['colcon_meta']
[0.253s] Level 1:colcon.colcon_core.package_identification:_identify(my_ur_moveit_config) by extension 'colcon_meta'
[0.253s] Level 1:colcon.colcon_core.package_identification:_identify(my_ur_moveit_config) by extensions ['ros']
[0.253s] Level 1:colcon.colcon_core.package_identification:_identify(my_ur_moveit_config) by extension 'ros'
[0.254s] DEBUG:colcon.colcon_core.package_identification:Package 'my_ur_moveit_config' with type 'ros.ament_cmake' and name 'my_ur_moveit_config'
[0.254s] Level 1:colcon.colcon_core.package_discovery:discover_packages(recursive) using defaults
[0.254s] Level 1:colcon.colcon_core.package_discovery:discover_packages(ignore) discover
[0.254s] Level 1:colcon.colcon_core.package_discovery:discover_packages(ignore) using defaults
[0.254s] Level 1:colcon.colcon_core.package_discovery:discover_packages(path) discover
[0.254s] Level 1:colcon.colcon_core.package_discovery:discover_packages(path) using defaults
[0.278s] Level 1:colcon.colcon_core.package_discovery:discover_packages(prefix_path) check parameters
[0.278s] Level 1:colcon.colcon_core.package_discovery:discover_packages(prefix_path) discover
[0.287s] DEBUG:colcon.colcon_installed_package_information.package_discovery:Found 5 installed packages in /home/student2/teachbot_ws/install
[0.287s] DEBUG:colcon.colcon_installed_package_information.package_discovery:Found 13 installed packages in /home/student2/my_ur_ws/install
[0.288s] DEBUG:colcon.colcon_installed_package_information.package_discovery:Found 20 installed packages in /home/student2/ros2_industrial_ws/install
[0.288s] DEBUG:colcon.colcon_installed_package_information.package_discovery:Found 12 installed packages in /home/student2/xarm_ws/install
[0.290s] DEBUG:colcon.colcon_installed_package_information.package_discovery:Found 424 installed packages in /opt/ros/jazzy
[0.291s] Level 1:colcon.colcon_core.package_discovery:discover_packages(prefix_path) using defaults
[0.360s] Level 5:colcon.colcon_core.verb:set package 'my_ur' build argument 'cmake_args' from command line to 'None'
[0.360s] Level 5:colcon.colcon_core.verb:set package 'my_ur' build argument 'cmake_target' from command line to 'None'
[0.360s] Level 5:colcon.colcon_core.verb:set package 'my_ur' build argument 'cmake_target_skip_unavailable' from command line to 'False'
[0.360s] Level 5:colcon.colcon_core.verb:set package 'my_ur' build argument 'cmake_clean_cache' from command line to 'False'
[0.360s] Level 5:colcon.colcon_core.verb:set package 'my_ur' build argument 'cmake_clean_first' from command line to 'False'
[0.360s] Level 5:colcon.colcon_core.verb:set package 'my_ur' build argument 'cmake_force_configure' from command line to 'False'
[0.360s] Level 5:colcon.colcon_core.verb:set package 'my_ur' build argument 'ament_cmake_args' from command line to 'None'
[0.360s] Level 5:colcon.colcon_core.verb:set package 'my_ur' build argument 'catkin_cmake_args' from command line to 'None'
[0.360s] Level 5:colcon.colcon_core.verb:set package 'my_ur' build argument 'catkin_skip_building_tests' from command line to 'False'
[0.360s] DEBUG:colcon.colcon_core.verb:Building package 'my_ur' with the following arguments: {'ament_cmake_args': None, 'build_base': '/home/student2/my_ur_ws/src/my_ur_ROS2/build/my_ur', 'catkin_cmake_args': None, 'catkin_skip_building_tests': False, 'cmake_args': None, 'cmake_clean_cache': False, 'cmake_clean_first': False, 'cmake_force_configure': False, 'cmake_target': None, 'cmake_target_skip_unavailable': False, 'install_base': '/home/student2/my_ur_ws/src/my_ur_ROS2/install/my_ur', 'merge_install': False, 'path': '/home/student2/my_ur_ws/src/my_ur_ROS2/my_ur', 'symlink_install': False, 'test_result_base': None}
[0.361s] Level 5:colcon.colcon_core.verb:set package 'my_ur_bringup' build argument 'cmake_args' from command line to 'None'
[0.361s] Level 5:colcon.colcon_core.verb:set package 'my_ur_bringup' build argument 'cmake_target' from command line to 'None'
[0.361s] Level 5:colcon.colcon_core.verb:set package 'my_ur_bringup' build argument 'cmake_target_skip_unavailable' from command line to 'False'
[0.361s] Level 5:colcon.colcon_core.verb:set package 'my_ur_bringup' build argument 'cmake_clean_cache' from command line to 'False'
[0.361s] Level 5:colcon.colcon_core.verb:set package 'my_ur_bringup' build argument 'cmake_clean_first' from command line to 'False'
[0.361s] Level 5:colcon.colcon_core.verb:set package 'my_ur_bringup' build argument 'cmake_force_configure' from command line to 'False'
[0.361s] Level 5:colcon.colcon_core.verb:set package 'my_ur_bringup' build argument 'ament_cmake_args' from command line to 'None'
[0.361s] Level 5:colcon.colcon_core.verb:set package 'my_ur_bringup' build argument 'catkin_cmake_args' from command line to 'None'
[0.361s] Level 5:colcon.colcon_core.verb:set package 'my_ur_bringup' build argument 'catkin_skip_building_tests' from command line to 'False'
[0.361s] DEBUG:colcon.colcon_core.verb:Building package 'my_ur_bringup' with the following arguments: {'ament_cmake_args': None, 'build_base': '/home/student2/my_ur_ws/src/my_ur_ROS2/build/my_ur_bringup', 'catkin_cmake_args': None, 'catkin_skip_building_tests': False, 'cmake_args': None, 'cmake_clean_cache': False, 'cmake_clean_first': False, 'cmake_force_configure': False, 'cmake_target': None, 'cmake_target_skip_unavailable': False, 'install_base': '/home/student2/my_ur_ws/src/my_ur_ROS2/install/my_ur_bringup', 'merge_install': False, 'path': '/home/student2/my_ur_ws/src/my_ur_ROS2/my_ur_bringup', 'symlink_install': False, 'test_result_base': None}
[0.361s] Level 5:colcon.colcon_core.verb:set package 'my_ur_demo' build argument 'cmake_args' from command line to 'None'
[0.361s] Level 5:colcon.colcon_core.verb:set package 'my_ur_demo' build argument 'cmake_target' from command line to 'None'
[0.361s] Level 5:colcon.colcon_core.verb:set package 'my_ur_demo' build argument 'cmake_target_skip_unavailable' from command line to 'False'
[0.361s] Level 5:colcon.colcon_core.verb:set package 'my_ur_demo' build argument 'cmake_clean_cache' from command line to 'False'
[0.361s] Level 5:colcon.colcon_core.verb:set package 'my_ur_demo' build argument 'cmake_clean_first' from command line to 'False'
[0.361s] Level 5:colcon.colcon_core.verb:set package 'my_ur_demo' build argument 'cmake_force_configure' from command line to 'False'
[0.361s] Level 5:colcon.colcon_core.verb:set package 'my_ur_demo' build argument 'ament_cmake_args' from command line to 'None'
[0.361s] Level 5:colcon.colcon_core.verb:set package 'my_ur_demo' build argument 'catkin_cmake_args' from command line to 'None'
[0.361s] Level 5:colcon.colcon_core.verb:set package 'my_ur_demo' build argument 'catkin_skip_building_tests' from command line to 'False'
[0.361s] DEBUG:colcon.colcon_core.verb:Building package 'my_ur_demo' with the following arguments: {'ament_cmake_args': None, 'build_base': '/home/student2/my_ur_ws/src/my_ur_ROS2/build/my_ur_demo', 'catkin_cmake_args': None, 'catkin_skip_building_tests': False, 'cmake_args': None, 'cmake_clean_cache': False, 'cmake_clean_first': False, 'cmake_force_configure': False, 'cmake_target': None, 'cmake_target_skip_unavailable': False, 'install_base': '/home/student2/my_ur_ws/src/my_ur_ROS2/install/my_ur_demo', 'merge_install': False, 'path': '/home/student2/my_ur_ws/src/my_ur_ROS2/my_ur_demo', 'symlink_install': False, 'test_result_base': None}
[0.361s] Level 5:colcon.colcon_core.verb:set package 'my_ur_demo_cpp' build argument 'cmake_args' from command line to 'None'
[0.361s] Level 5:colcon.colcon_core.verb:set package 'my_ur_demo_cpp' build argument 'cmake_target' from command line to 'None'
[0.361s] Level 5:colcon.colcon_core.verb:set package 'my_ur_demo_cpp' build argument 'cmake_target_skip_unavailable' from command line to 'False'
[0.361s] Level 5:colcon.colcon_core.verb:set package 'my_ur_demo_cpp' build argument 'cmake_clean_cache' from command line to 'False'
[0.361s] Level 5:colcon.colcon_core.verb:set package 'my_ur_demo_cpp' build argument 'cmake_clean_first' from command line to 'False'
[0.361s] Level 5:colcon.colcon_core.verb:set package 'my_ur_demo_cpp' build argument 'cmake_force_configure' from command line to 'False'
[0.361s] Level 5:colcon.colcon_core.verb:set package 'my_ur_demo_cpp' build argument 'ament_cmake_args' from command line to 'None'
[0.361s] Level 5:colcon.colcon_core.verb:set package 'my_ur_demo_cpp' build argument 'catkin_cmake_args' from command line to 'None'
[0.361s] Level 5:colcon.colcon_core.verb:set package 'my_ur_demo_cpp' build argument 'catkin_skip_building_tests' from command line to 'False'
[0.361s] DEBUG:colcon.colcon_core.verb:Building package 'my_ur_demo_cpp' with the following arguments: {'ament_cmake_args': None, 'build_base': '/home/student2/my_ur_ws/src/my_ur_ROS2/build/my_ur_demo_cpp', 'catkin_cmake_args': None, 'catkin_skip_building_tests': False, 'cmake_args': None, 'cmake_clean_cache': False, 'cmake_clean_first': False, 'cmake_force_configure': False, 'cmake_target': None, 'cmake_target_skip_unavailable': False, 'install_base': '/home/student2/my_ur_ws/src/my_ur_ROS2/install/my_ur_demo_cpp', 'merge_install': False, 'path': '/home/student2/my_ur_ws/src/my_ur_ROS2/my_ur_demo_cpp', 'symlink_install': False, 'test_result_base': None}
[0.362s] Level 5:colcon.colcon_core.verb:set package 'my_ur_description' build argument 'cmake_args' from command line to 'None'
[0.362s] Level 5:colcon.colcon_core.verb:set package 'my_ur_description' build argument 'cmake_target' from command line to 'None'
[0.362s] Level 5:colcon.colcon_core.verb:set package 'my_ur_description' build argument 'cmake_target_skip_unavailable' from command line to 'False'
[0.362s] Level 5:colcon.colcon_core.verb:set package 'my_ur_description' build argument 'cmake_clean_cache' from command line to 'False'
[0.362s] Level 5:colcon.colcon_core.verb:set package 'my_ur_description' build argument 'cmake_clean_first' from command line to 'False'
[0.362s] Level 5:colcon.colcon_core.verb:set package 'my_ur_description' build argument 'cmake_force_configure' from command line to 'False'
[0.362s] Level 5:colcon.colcon_core.verb:set package 'my_ur_description' build argument 'ament_cmake_args' from command line to 'None'
[0.362s] Level 5:colcon.colcon_core.verb:set package 'my_ur_description' build argument 'catkin_cmake_args' from command line to 'None'
[0.362s] Level 5:colcon.colcon_core.verb:set package 'my_ur_description' build argument 'catkin_skip_building_tests' from command line to 'False'
[0.362s] DEBUG:colcon.colcon_core.verb:Building package 'my_ur_description' with the following arguments: {'ament_cmake_args': None, 'build_base': '/home/student2/my_ur_ws/src/my_ur_ROS2/build/my_ur_description', 'catkin_cmake_args': None, 'catkin_skip_building_tests': False, 'cmake_args': None, 'cmake_clean_cache': False, 'cmake_clean_first': False, 'cmake_force_configure': False, 'cmake_target': None, 'cmake_target_skip_unavailable': False, 'install_base': '/home/student2/my_ur_ws/src/my_ur_ROS2/install/my_ur_description', 'merge_install': False, 'path': '/home/student2/my_ur_ws/src/my_ur_ROS2/my_ur_description', 'symlink_install': False, 'test_result_base': None}
[0.362s] Level 5:colcon.colcon_core.verb:set package 'my_ur_moveit_config' build argument 'cmake_args' from command line to 'None'
[0.362s] Level 5:colcon.colcon_core.verb:set package 'my_ur_moveit_config' build argument 'cmake_target' from command line to 'None'
[0.362s] Level 5:colcon.colcon_core.verb:set package 'my_ur_moveit_config' build argument 'cmake_target_skip_unavailable' from command line to 'False'
[0.362s] Level 5:colcon.colcon_core.verb:set package 'my_ur_moveit_config' build argument 'cmake_clean_cache' from command line to 'False'
[0.362s] Level 5:colcon.colcon_core.verb:set package 'my_ur_moveit_config' build argument 'cmake_clean_first' from command line to 'False'
[0.362s] Level 5:colcon.colcon_core.verb:set package 'my_ur_moveit_config' build argument 'cmake_force_configure' from command line to 'False'
[0.362s] Level 5:colcon.colcon_core.verb:set package 'my_ur_moveit_config' build argument 'ament_cmake_args' from command line to 'None'
[0.362s] Level 5:colcon.colcon_core.verb:set package 'my_ur_moveit_config' build argument 'catkin_cmake_args' from command line to 'None'
[0.362s] Level 5:colcon.colcon_core.verb:set package 'my_ur_moveit_config' build argument 'catkin_skip_building_tests' from command line to 'False'
[0.362s] DEBUG:colcon.colcon_core.verb:Building package 'my_ur_moveit_config' with the following arguments: {'ament_cmake_args': None, 'build_base': '/home/student2/my_ur_ws/src/my_ur_ROS2/build/my_ur_moveit_config', 'catkin_cmake_args': None, 'catkin_skip_building_tests': False, 'cmake_args': None, 'cmake_clean_cache': False, 'cmake_clean_first': False, 'cmake_force_configure': False, 'cmake_target': None, 'cmake_target_skip_unavailable': False, 'install_base': '/home/student2/my_ur_ws/src/my_ur_ROS2/install/my_ur_moveit_config', 'merge_install': False, 'path': '/home/student2/my_ur_ws/src/my_ur_ROS2/my_ur_moveit_config', 'symlink_install': False, 'test_result_base': None}
[0.362s] INFO:colcon.colcon_core.executor:Executing jobs using 'parallel' executor
[0.363s] DEBUG:colcon.colcon_parallel_executor.executor.parallel:run_until_complete
[0.363s] INFO:colcon.colcon_ros.task.ament_cmake.build:Building ROS package in '/home/student2/my_ur_ws/src/my_ur_ROS2/my_ur_description' with build type 'ament_cmake'
[0.363s] INFO:colcon.colcon_cmake.task.cmake.build:Building CMake package in '/home/student2/my_ur_ws/src/my_ur_ROS2/my_ur_description'
[0.368s] INFO:colcon.colcon_core.plugin_system:Skipping extension 'colcon_core.shell.bat': Not used on non-Windows systems
[0.368s] INFO:colcon.colcon_core.shell:Skip shell extension 'powershell' for command environment: Not usable outside of PowerShell
[0.368s] DEBUG:colcon.colcon_core.shell:Skip shell extension 'dsv' for command environment
[0.375s] INFO:colcon.colcon_ros.task.ament_cmake.build:Building ROS package in '/home/student2/my_ur_ws/src/my_ur_ROS2/my_ur' with build type 'ament_cmake'
[0.375s] INFO:colcon.colcon_cmake.task.cmake.build:Building CMake package in '/home/student2/my_ur_ws/src/my_ur_ROS2/my_ur'
[0.375s] INFO:colcon.colcon_core.shell:Skip shell extension 'powershell' for command environment: Not usable outside of PowerShell
[0.375s] DEBUG:colcon.colcon_core.shell:Skip shell extension 'dsv' for command environment
[0.382s] INFO:colcon.colcon_ros.task.ament_python.build:Building ROS package in '/home/student2/my_ur_ws/src/my_ur_ROS2/my_ur_bringup' with build type 'ament_python'
[0.382s] Level 1:colcon.colcon_core.shell:create_environment_hook('my_ur_bringup', 'ament_prefix_path')
[0.382s] INFO:colcon.colcon_core.shell:Creating environment hook '/home/student2/my_ur_ws/src/my_ur_ROS2/install/my_ur_bringup/share/my_ur_bringup/hook/ament_prefix_path.ps1'
[0.383s] INFO:colcon.colcon_core.shell:Creating environment descriptor '/home/student2/my_ur_ws/src/my_ur_ROS2/install/my_ur_bringup/share/my_ur_bringup/hook/ament_prefix_path.dsv'
[0.383s] INFO:colcon.colcon_core.shell:Creating environment hook '/home/student2/my_ur_ws/src/my_ur_ROS2/install/my_ur_bringup/share/my_ur_bringup/hook/ament_prefix_path.sh'
[0.384s] INFO:colcon.colcon_core.shell:Skip shell extension 'powershell' for command environment: Not usable outside of PowerShell
[0.384s] DEBUG:colcon.colcon_core.shell:Skip shell extension 'dsv' for command environment
[0.390s] INFO:colcon.colcon_ros.task.ament_python.build:Building ROS package in '/home/student2/my_ur_ws/src/my_ur_ROS2/my_ur_demo' with build type 'ament_python'
[0.390s] Level 1:colcon.colcon_core.shell:create_environment_hook('my_ur_demo', 'ament_prefix_path')
[0.390s] INFO:colcon.colcon_core.shell:Creating environment hook '/home/student2/my_ur_ws/src/my_ur_ROS2/install/my_ur_demo/share/my_ur_demo/hook/ament_prefix_path.ps1'
[0.391s] INFO:colcon.colcon_core.shell:Creating environment descriptor '/home/student2/my_ur_ws/src/my_ur_ROS2/install/my_ur_demo/share/my_ur_demo/hook/ament_prefix_path.dsv'
[0.391s] INFO:colcon.colcon_core.shell:Creating environment hook '/home/student2/my_ur_ws/src/my_ur_ROS2/install/my_ur_demo/share/my_ur_demo/hook/ament_prefix_path.sh'
[0.391s] INFO:colcon.colcon_core.shell:Skip shell extension 'powershell' for command environment: Not usable outside of PowerShell
[0.392s] DEBUG:colcon.colcon_core.shell:Skip shell extension 'dsv' for command environment
[0.397s] INFO:colcon.colcon_ros.task.ament_cmake.build:Building ROS package in '/home/student2/my_ur_ws/src/my_ur_ROS2/my_ur_demo_cpp' with build type 'ament_cmake'
[0.397s] INFO:colcon.colcon_cmake.task.cmake.build:Building CMake package in '/home/student2/my_ur_ws/src/my_ur_ROS2/my_ur_demo_cpp'
[0.397s] INFO:colcon.colcon_core.shell:Skip shell extension 'powershell' for command environment: Not usable outside of PowerShell
[0.397s] DEBUG:colcon.colcon_core.shell:Skip shell extension 'dsv' for command environment
[0.406s] DEBUG:colcon.colcon_core.event_handler.log_command:Invoking command in '/home/student2/my_ur_ws/src/my_ur_ROS2/build/my_ur_description': CMAKE_PREFIX_PATH=${CMAKE_PREFIX_PATH}:/home/student2/my_ur_ws/install/robotiq_app:/home/student2/my_ur_ws/install/my_ur_demo:/home/student2/my_ur_ws/install/my_ur_bringup:/home/student2/teachbot_ws/install/teachbot_ros:/home/student2/teachbot_ws/install/teachbot_recorder:/home/student2/teachbot_ws/install/teachbot_follower:/home/student2/teachbot_ws/install/teachbot_description:/home/student2/ros2_industrial_ws/install/urdf_basics:/home/student2/ros2_industrial_ws/install/transferframes:/home/student2/ros2_industrial_ws/install/template_package_python:/home/student2/ros2_industrial_ws/install/ros_industrial_utilities:/home/student2/ros2_industrial_ws/install/ros_industrial_support:/home/student2/ros2_industrial_ws/install/range_sensor:/home/student2/ros2_industrial_ws/install/node_demo:/home/student2/ros2_industrial_ws/install/manipulation:/home/student2/ros2_industrial_ws/install/fanuc_robots:/home/student2/xarm_ws/install/uf_ros_lib:/opt/ros/jazzy DEBUGINFOD_URLS=https://debuginfod.ubuntu.com /usr/bin/cmake /home/student2/my_ur_ws/src/my_ur_ROS2/my_ur_description -DCMAKE_INSTALL_PREFIX=/home/student2/my_ur_ws/src/my_ur_ROS2/install/my_ur_description
[0.410s] DEBUG:colcon.colcon_core.event_handler.log_command:Invoking command in '/home/student2/my_ur_ws/src/my_ur_ROS2/build/my_ur': CMAKE_PREFIX_PATH=${CMAKE_PREFIX_PATH}:/home/student2/my_ur_ws/install/robotiq_app:/home/student2/my_ur_ws/install/my_ur_demo:/home/student2/my_ur_ws/install/my_ur_bringup:/home/student2/teachbot_ws/install/teachbot_ros:/home/student2/teachbot_ws/install/teachbot_recorder:/home/student2/teachbot_ws/install/teachbot_follower:/home/student2/teachbot_ws/install/teachbot_description:/home/student2/ros2_industrial_ws/install/urdf_basics:/home/student2/ros2_industrial_ws/install/transferframes:/home/student2/ros2_industrial_ws/install/template_package_python:/home/student2/ros2_industrial_ws/install/ros_industrial_utilities:/home/student2/ros2_industrial_ws/install/ros_industrial_support:/home/student2/ros2_industrial_ws/install/range_sensor:/home/student2/ros2_industrial_ws/install/node_demo:/home/student2/ros2_industrial_ws/install/manipulation:/home/student2/ros2_industrial_ws/install/fanuc_robots:/home/student2/xarm_ws/install/uf_ros_lib:/opt/ros/jazzy DEBUGINFOD_URLS=https://debuginfod.ubuntu.com /usr/bin/cmake /home/student2/my_ur_ws/src/my_ur_ROS2/my_ur -DCMAKE_INSTALL_PREFIX=/home/student2/my_ur_ws/src/my_ur_ROS2/install/my_ur
[0.655s] INFO:colcon.colcon_core.task.python.build:Building Python package in '/home/student2/my_ur_ws/src/my_ur_ROS2/my_ur_bringup'
[0.655s] INFO:colcon.colcon_core.shell:Skip shell extension 'powershell' for command environment: Not usable outside of PowerShell
[0.655s] DEBUG:colcon.colcon_core.shell:Skip shell extension 'dsv' for command environment
[0.926s] INFO:colcon.colcon_core.task.python.build:Building Python package in '/home/student2/my_ur_ws/src/my_ur_ROS2/my_ur_demo'
[0.926s] INFO:colcon.colcon_core.shell:Skip shell extension 'powershell' for command environment: Not usable outside of PowerShell
[0.927s] DEBUG:colcon.colcon_core.shell:Skip shell extension 'dsv' for command environment
[0.939s] DEBUG:colcon.colcon_core.event_handler.log_command:Invoking command in '/home/student2/my_ur_ws/src/my_ur_ROS2/build/my_ur_demo_cpp': CMAKE_PREFIX_PATH=${CMAKE_PREFIX_PATH}:/home/student2/my_ur_ws/install/robotiq_app:/home/student2/my_ur_ws/install/my_ur_demo:/home/student2/my_ur_ws/install/my_ur_bringup:/home/student2/teachbot_ws/install/teachbot_ros:/home/student2/teachbot_ws/install/teachbot_recorder:/home/student2/teachbot_ws/install/teachbot_follower:/home/student2/teachbot_ws/install/teachbot_description:/home/student2/ros2_industrial_ws/install/urdf_basics:/home/student2/ros2_industrial_ws/install/transferframes:/home/student2/ros2_industrial_ws/install/template_package_python:/home/student2/ros2_industrial_ws/install/ros_industrial_utilities:/home/student2/ros2_industrial_ws/install/ros_industrial_support:/home/student2/ros2_industrial_ws/install/range_sensor:/home/student2/ros2_industrial_ws/install/node_demo:/home/student2/ros2_industrial_ws/install/manipulation:/home/student2/ros2_industrial_ws/install/fanuc_robots:/home/student2/xarm_ws/install/uf_ros_lib:/opt/ros/jazzy DEBUGINFOD_URLS=https://debuginfod.ubuntu.com /usr/bin/cmake /home/student2/my_ur_ws/src/my_ur_ROS2/my_ur_demo_cpp -DCMAKE_INSTALL_PREFIX=/home/student2/my_ur_ws/src/my_ur_ROS2/install/my_ur_demo_cpp
[1.444s] DEBUG:colcon.colcon_core.event_handler.log_command:Invoked command in '/home/student2/my_ur_ws/src/my_ur_ROS2/build/my_ur' returned '0': CMAKE_PREFIX_PATH=${CMAKE_PREFIX_PATH}:/home/student2/my_ur_ws/install/robotiq_app:/home/student2/my_ur_ws/install/my_ur_demo:/home/student2/my_ur_ws/install/my_ur_bringup:/home/student2/teachbot_ws/install/teachbot_ros:/home/student2/teachbot_ws/install/teachbot_recorder:/home/student2/teachbot_ws/install/teachbot_follower:/home/student2/teachbot_ws/install/teachbot_description:/home/student2/ros2_industrial_ws/install/urdf_basics:/home/student2/ros2_industrial_ws/install/transferframes:/home/student2/ros2_industrial_ws/install/template_package_python:/home/student2/ros2_industrial_ws/install/ros_industrial_utilities:/home/student2/ros2_industrial_ws/install/ros_industrial_support:/home/student2/ros2_industrial_ws/install/range_sensor:/home/student2/ros2_industrial_ws/install/node_demo:/home/student2/ros2_industrial_ws/install/manipulation:/home/student2/ros2_industrial_ws/install/fanuc_robots:/home/student2/xarm_ws/install/uf_ros_lib:/opt/ros/jazzy DEBUGINFOD_URLS=https://debuginfod.ubuntu.com /usr/bin/cmake /home/student2/my_ur_ws/src/my_ur_ROS2/my_ur -DCMAKE_INSTALL_PREFIX=/home/student2/my_ur_ws/src/my_ur_ROS2/install/my_ur
[1.445s] DEBUG:colcon.colcon_core.event_handler.log_command:Invoking command in '/home/student2/my_ur_ws/src/my_ur_ROS2/build/my_ur': CMAKE_PREFIX_PATH=${CMAKE_PREFIX_PATH}:/home/student2/my_ur_ws/install/robotiq_app:/home/student2/my_ur_ws/install/my_ur_demo:/home/student2/my_ur_ws/install/my_ur_bringup:/home/student2/teachbot_ws/install/teachbot_ros:/home/student2/teachbot_ws/install/teachbot_recorder:/home/student2/teachbot_ws/install/teachbot_follower:/home/student2/teachbot_ws/install/teachbot_description:/home/student2/ros2_industrial_ws/install/urdf_basics:/home/student2/ros2_industrial_ws/install/transferframes:/home/student2/ros2_industrial_ws/install/template_package_python:/home/student2/ros2_industrial_ws/install/ros_industrial_utilities:/home/student2/ros2_industrial_ws/install/ros_industrial_support:/home/student2/ros2_industrial_ws/install/range_sensor:/home/student2/ros2_industrial_ws/install/node_demo:/home/student2/ros2_industrial_ws/install/manipulation:/home/student2/ros2_industrial_ws/install/fanuc_robots:/home/student2/xarm_ws/install/uf_ros_lib:/opt/ros/jazzy DEBUGINFOD_URLS=https://debuginfod.ubuntu.com /usr/bin/cmake --build /home/student2/my_ur_ws/src/my_ur_ROS2/build/my_ur -- -j8 -l8
[1.462s] DEBUG:colcon.colcon_core.event_handler.log_command:Invoked command in '/home/student2/my_ur_ws/src/my_ur_ROS2/build/my_ur_description' returned '0': CMAKE_PREFIX_PATH=${CMAKE_PREFIX_PATH}:/home/student2/my_ur_ws/install/robotiq_app:/home/student2/my_ur_ws/install/my_ur_demo:/home/student2/my_ur_ws/install/my_ur_bringup:/home/student2/teachbot_ws/install/teachbot_ros:/home/student2/teachbot_ws/install/teachbot_recorder:/home/student2/teachbot_ws/install/teachbot_follower:/home/student2/teachbot_ws/install/teachbot_description:/home/student2/ros2_industrial_ws/install/urdf_basics:/home/student2/ros2_industrial_ws/install/transferframes:/home/student2/ros2_industrial_ws/install/template_package_python:/home/student2/ros2_industrial_ws/install/ros_industrial_utilities:/home/student2/ros2_industrial_ws/install/ros_industrial_support:/home/student2/ros2_industrial_ws/install/range_sensor:/home/student2/ros2_industrial_ws/install/node_demo:/home/student2/ros2_industrial_ws/install/manipulation:/home/student2/ros2_industrial_ws/install/fanuc_robots:/home/student2/xarm_ws/install/uf_ros_lib:/opt/ros/jazzy DEBUGINFOD_URLS=https://debuginfod.ubuntu.com /usr/bin/cmake /home/student2/my_ur_ws/src/my_ur_ROS2/my_ur_description -DCMAKE_INSTALL_PREFIX=/home/student2/my_ur_ws/src/my_ur_ROS2/install/my_ur_description
[1.462s] DEBUG:colcon.colcon_core.event_handler.log_command:Invoking command in '/home/student2/my_ur_ws/src/my_ur_ROS2/build/my_ur_description': CMAKE_PREFIX_PATH=${CMAKE_PREFIX_PATH}:/home/student2/my_ur_ws/install/robotiq_app:/home/student2/my_ur_ws/install/my_ur_demo:/home/student2/my_ur_ws/install/my_ur_bringup:/home/student2/teachbot_ws/install/teachbot_ros:/home/student2/teachbot_ws/install/teachbot_recorder:/home/student2/teachbot_ws/install/teachbot_follower:/home/student2/teachbot_ws/install/teachbot_description:/home/student2/ros2_industrial_ws/install/urdf_basics:/home/student2/ros2_industrial_ws/install/transferframes:/home/student2/ros2_industrial_ws/install/template_package_python:/home/student2/ros2_industrial_ws/install/ros_industrial_utilities:/home/student2/ros2_industrial_ws/install/ros_industrial_support:/home/student2/ros2_industrial_ws/install/range_sensor:/home/student2/ros2_industrial_ws/install/node_demo:/home/student2/ros2_industrial_ws/install/manipulation:/home/student2/ros2_industrial_ws/install/fanuc_robots:/home/student2/xarm_ws/install/uf_ros_lib:/opt/ros/jazzy DEBUGINFOD_URLS=https://debuginfod.ubuntu.com /usr/bin/cmake --build /home/student2/my_ur_ws/src/my_ur_ROS2/build/my_ur_description -- -j8 -l8
[1.483s] DEBUG:colcon.colcon_core.event_handler.log_command:Invoked command in '/home/student2/my_ur_ws/src/my_ur_ROS2/build/my_ur' returned '0': CMAKE_PREFIX_PATH=${CMAKE_PREFIX_PATH}:/home/student2/my_ur_ws/install/robotiq_app:/home/student2/my_ur_ws/install/my_ur_demo:/home/student2/my_ur_ws/install/my_ur_bringup:/home/student2/teachbot_ws/install/teachbot_ros:/home/student2/teachbot_ws/install/teachbot_recorder:/home/student2/teachbot_ws/install/teachbot_follower:/home/student2/teachbot_ws/install/teachbot_description:/home/student2/ros2_industrial_ws/install/urdf_basics:/home/student2/ros2_industrial_ws/install/transferframes:/home/student2/ros2_industrial_ws/install/template_package_python:/home/student2/ros2_industrial_ws/install/ros_industrial_utilities:/home/student2/ros2_industrial_ws/install/ros_industrial_support:/home/student2/ros2_industrial_ws/install/range_sensor:/home/student2/ros2_industrial_ws/install/node_demo:/home/student2/ros2_industrial_ws/install/manipulation:/home/student2/ros2_industrial_ws/install/fanuc_robots:/home/student2/xarm_ws/install/uf_ros_lib:/opt/ros/jazzy DEBUGINFOD_URLS=https://debuginfod.ubuntu.com /usr/bin/cmake --build /home/student2/my_ur_ws/src/my_ur_ROS2/build/my_ur -- -j8 -l8
[1.492s] DEBUG:colcon.colcon_core.event_handler.log_command:Invoking command in '/home/student2/my_ur_ws/src/my_ur_ROS2/build/my_ur': CMAKE_PREFIX_PATH=${CMAKE_PREFIX_PATH}:/home/student2/my_ur_ws/install/robotiq_app:/home/student2/my_ur_ws/install/my_ur_demo:/home/student2/my_ur_ws/install/my_ur_bringup:/home/student2/teachbot_ws/install/teachbot_ros:/home/student2/teachbot_ws/install/teachbot_recorder:/home/student2/teachbot_ws/install/teachbot_follower:/home/student2/teachbot_ws/install/teachbot_description:/home/student2/ros2_industrial_ws/install/urdf_basics:/home/student2/ros2_industrial_ws/install/transferframes:/home/student2/ros2_industrial_ws/install/template_package_python:/home/student2/ros2_industrial_ws/install/ros_industrial_utilities:/home/student2/ros2_industrial_ws/install/ros_industrial_support:/home/student2/ros2_industrial_ws/install/range_sensor:/home/student2/ros2_industrial_ws/install/node_demo:/home/student2/ros2_industrial_ws/install/manipulation:/home/student2/ros2_industrial_ws/install/fanuc_robots:/home/student2/xarm_ws/install/uf_ros_lib:/opt/ros/jazzy DEBUGINFOD_URLS=https://debuginfod.ubuntu.com /usr/bin/cmake --install /home/student2/my_ur_ws/src/my_ur_ROS2/build/my_ur
[1.501s] DEBUG:colcon.colcon_core.event_handler.log_command:Invoked command in '/home/student2/my_ur_ws/src/my_ur_ROS2/build/my_ur_description' returned '0': CMAKE_PREFIX_PATH=${CMAKE_PREFIX_PATH}:/home/student2/my_ur_ws/install/robotiq_app:/home/student2/my_ur_ws/install/my_ur_demo:/home/student2/my_ur_ws/install/my_ur_bringup:/home/student2/teachbot_ws/install/teachbot_ros:/home/student2/teachbot_ws/install/teachbot_recorder:/home/student2/teachbot_ws/install/teachbot_follower:/home/student2/teachbot_ws/install/teachbot_description:/home/student2/ros2_industrial_ws/install/urdf_basics:/home/student2/ros2_industrial_ws/install/transferframes:/home/student2/ros2_industrial_ws/install/template_package_python:/home/student2/ros2_industrial_ws/install/ros_industrial_utilities:/home/student2/ros2_industrial_ws/install/ros_industrial_support:/home/student2/ros2_industrial_ws/install/range_sensor:/home/student2/ros2_industrial_ws/install/node_demo:/home/student2/ros2_industrial_ws/install/manipulation:/home/student2/ros2_industrial_ws/install/fanuc_robots:/home/student2/xarm_ws/install/uf_ros_lib:/opt/ros/jazzy DEBUGINFOD_URLS=https://debuginfod.ubuntu.com /usr/bin/cmake --build /home/student2/my_ur_ws/src/my_ur_ROS2/build/my_ur_description -- -j8 -l8
[1.502s] DEBUG:colcon.colcon_core.event_handler.log_command:Invoking command in '/home/student2/my_ur_ws/src/my_ur_ROS2/build/my_ur_description': CMAKE_PREFIX_PATH=${CMAKE_PREFIX_PATH}:/home/student2/my_ur_ws/install/robotiq_app:/home/student2/my_ur_ws/install/my_ur_demo:/home/student2/my_ur_ws/install/my_ur_bringup:/home/student2/teachbot_ws/install/teachbot_ros:/home/student2/teachbot_ws/install/teachbot_recorder:/home/student2/teachbot_ws/install/teachbot_follower:/home/student2/teachbot_ws/install/teachbot_description:/home/student2/ros2_industrial_ws/install/urdf_basics:/home/student2/ros2_industrial_ws/install/transferframes:/home/student2/ros2_industrial_ws/install/template_package_python:/home/student2/ros2_industrial_ws/install/ros_industrial_utilities:/home/student2/ros2_industrial_ws/install/ros_industrial_support:/home/student2/ros2_industrial_ws/install/range_sensor:/home/student2/ros2_industrial_ws/install/node_demo:/home/student2/ros2_industrial_ws/install/manipulation:/home/student2/ros2_industrial_ws/install/fanuc_robots:/home/student2/xarm_ws/install/uf_ros_lib:/opt/ros/jazzy DEBUGINFOD_URLS=https://debuginfod.ubuntu.com /usr/bin/cmake --install /home/student2/my_ur_ws/src/my_ur_ROS2/build/my_ur_description
[1.503s] Level 1:colcon.colcon_core.environment:create_environment_scripts_only(my_ur)
[1.504s] DEBUG:colcon.colcon_core.event_handler.log_command:Invoked command in '/home/student2/my_ur_ws/src/my_ur_ROS2/build/my_ur' returned '0': CMAKE_PREFIX_PATH=${CMAKE_PREFIX_PATH}:/home/student2/my_ur_ws/install/robotiq_app:/home/student2/my_ur_ws/install/my_ur_demo:/home/student2/my_ur_ws/install/my_ur_bringup:/home/student2/teachbot_ws/install/teachbot_ros:/home/student2/teachbot_ws/install/teachbot_recorder:/home/student2/teachbot_ws/install/teachbot_follower:/home/student2/teachbot_ws/install/teachbot_description:/home/student2/ros2_industrial_ws/install/urdf_basics:/home/student2/ros2_industrial_ws/install/transferframes:/home/student2/ros2_industrial_ws/install/template_package_python:/home/student2/ros2_industrial_ws/install/ros_industrial_utilities:/home/student2/ros2_industrial_ws/install/ros_industrial_support:/home/student2/ros2_industrial_ws/install/range_sensor:/home/student2/ros2_industrial_ws/install/node_demo:/home/student2/ros2_industrial_ws/install/manipulation:/home/student2/ros2_industrial_ws/install/fanuc_robots:/home/student2/xarm_ws/install/uf_ros_lib:/opt/ros/jazzy DEBUGINFOD_URLS=https://debuginfod.ubuntu.com /usr/bin/cmake --install /home/student2/my_ur_ws/src/my_ur_ROS2/build/my_ur
[1.508s] Level 1:colcon.colcon_core.environment:checking '/home/student2/my_ur_ws/src/my_ur_ROS2/install/my_ur' for CMake module files
[1.509s] Level 1:colcon.colcon_core.environment:checking '/home/student2/my_ur_ws/src/my_ur_ROS2/install/my_ur' for CMake config files
[1.509s] Level 1:colcon.colcon_core.shell:create_environment_hook('my_ur', 'cmake_prefix_path')
[1.509s] INFO:colcon.colcon_core.shell:Creating environment hook '/home/student2/my_ur_ws/src/my_ur_ROS2/install/my_ur/share/my_ur/hook/cmake_prefix_path.ps1'
[1.509s] INFO:colcon.colcon_core.shell:Creating environment descriptor '/home/student2/my_ur_ws/src/my_ur_ROS2/install/my_ur/share/my_ur/hook/cmake_prefix_path.dsv'
[1.510s] INFO:colcon.colcon_core.shell:Creating environment hook '/home/student2/my_ur_ws/src/my_ur_ROS2/install/my_ur/share/my_ur/hook/cmake_prefix_path.sh'
[1.510s] Level 1:colcon.colcon_core.environment:checking '/home/student2/my_ur_ws/src/my_ur_ROS2/install/my_ur/bin'
[1.510s] Level 1:colcon.colcon_core.environment:checking '/home/student2/my_ur_ws/src/my_ur_ROS2/install/my_ur/lib/pkgconfig/my_ur.pc'
[1.511s] Level 1:colcon.colcon_core.environment:checking '/home/student2/my_ur_ws/src/my_ur_ROS2/install/my_ur/lib/python3.12/site-packages'
[1.511s] Level 1:colcon.colcon_core.environment:checking '/home/student2/my_ur_ws/src/my_ur_ROS2/install/my_ur/bin'
[1.511s] INFO:colcon.colcon_core.shell:Creating package script '/home/student2/my_ur_ws/src/my_ur_ROS2/install/my_ur/share/my_ur/package.ps1'
[1.513s] INFO:colcon.colcon_core.shell:Creating package descriptor '/home/student2/my_ur_ws/src/my_ur_ROS2/install/my_ur/share/my_ur/package.dsv'
[1.515s] INFO:colcon.colcon_core.shell:Creating package script '/home/student2/my_ur_ws/src/my_ur_ROS2/install/my_ur/share/my_ur/package.sh'
[1.515s] INFO:colcon.colcon_core.shell:Creating package script '/home/student2/my_ur_ws/src/my_ur_ROS2/install/my_ur/share/my_ur/package.bash'
[1.516s] INFO:colcon.colcon_core.shell:Creating package script '/home/student2/my_ur_ws/src/my_ur_ROS2/install/my_ur/share/my_ur/package.zsh'
[1.517s] Level 1:colcon.colcon_core.environment:create_file_with_runtime_dependencies(/home/student2/my_ur_ws/src/my_ur_ROS2/install/my_ur/share/colcon-core/packages/my_ur)
[1.517s] Level 1:colcon.colcon_core.environment:create_environment_scripts_only(my_ur)
[1.517s] Level 1:colcon.colcon_core.environment:checking '/home/student2/my_ur_ws/src/my_ur_ROS2/install/my_ur' for CMake module files
[1.518s] Level 1:colcon.colcon_core.environment:checking '/home/student2/my_ur_ws/src/my_ur_ROS2/install/my_ur' for CMake config files
[1.518s] Level 1:colcon.colcon_core.shell:create_environment_hook('my_ur', 'cmake_prefix_path')
[1.518s] INFO:colcon.colcon_core.shell:Creating environment hook '/home/student2/my_ur_ws/src/my_ur_ROS2/install/my_ur/share/my_ur/hook/cmake_prefix_path.ps1'
[1.519s] INFO:colcon.colcon_core.shell:Creating environment descriptor '/home/student2/my_ur_ws/src/my_ur_ROS2/install/my_ur/share/my_ur/hook/cmake_prefix_path.dsv'
[1.519s] INFO:colcon.colcon_core.shell:Creating environment hook '/home/student2/my_ur_ws/src/my_ur_ROS2/install/my_ur/share/my_ur/hook/cmake_prefix_path.sh'
[1.519s] Level 1:colcon.colcon_core.environment:checking '/home/student2/my_ur_ws/src/my_ur_ROS2/install/my_ur/bin'
[1.519s] Level 1:colcon.colcon_core.environment:checking '/home/student2/my_ur_ws/src/my_ur_ROS2/install/my_ur/lib/pkgconfig/my_ur.pc'
[1.520s] Level 1:colcon.colcon_core.environment:checking '/home/student2/my_ur_ws/src/my_ur_ROS2/install/my_ur/lib/python3.12/site-packages'
[1.520s] Level 1:colcon.colcon_core.environment:checking '/home/student2/my_ur_ws/src/my_ur_ROS2/install/my_ur/bin'
[1.520s] INFO:colcon.colcon_core.shell:Creating package script '/home/student2/my_ur_ws/src/my_ur_ROS2/install/my_ur/share/my_ur/package.ps1'
[1.521s] INFO:colcon.colcon_core.shell:Creating package descriptor '/home/student2/my_ur_ws/src/my_ur_ROS2/install/my_ur/share/my_ur/package.dsv'
[1.521s] INFO:colcon.colcon_core.shell:Creating package script '/home/student2/my_ur_ws/src/my_ur_ROS2/install/my_ur/share/my_ur/package.sh'
[1.521s] INFO:colcon.colcon_core.shell:Creating package script '/home/student2/my_ur_ws/src/my_ur_ROS2/install/my_ur/share/my_ur/package.bash'
[1.522s] INFO:colcon.colcon_core.shell:Creating package script '/home/student2/my_ur_ws/src/my_ur_ROS2/install/my_ur/share/my_ur/package.zsh'
[1.522s] Level 1:colcon.colcon_core.environment:create_file_with_runtime_dependencies(/home/student2/my_ur_ws/src/my_ur_ROS2/install/my_ur/share/colcon-core/packages/my_ur)
[1.523s] Level 1:colcon.colcon_core.environment:create_environment_scripts_only(my_ur_description)
[1.523s] Level 1:colcon.colcon_core.environment:checking '/home/student2/my_ur_ws/src/my_ur_ROS2/install/my_ur_description' for CMake module files
[1.524s] DEBUG:colcon.colcon_core.event_handler.log_command:Invoked command in '/home/student2/my_ur_ws/src/my_ur_ROS2/build/my_ur_description' returned '0': CMAKE_PREFIX_PATH=${CMAKE_PREFIX_PATH}:/home/student2/my_ur_ws/install/robotiq_app:/home/student2/my_ur_ws/install/my_ur_demo:/home/student2/my_ur_ws/install/my_ur_bringup:/home/student2/teachbot_ws/install/teachbot_ros:/home/student2/teachbot_ws/install/teachbot_recorder:/home/student2/teachbot_ws/install/teachbot_follower:/home/student2/teachbot_ws/install/teachbot_description:/home/student2/ros2_industrial_ws/install/urdf_basics:/home/student2/ros2_industrial_ws/install/transferframes:/home/student2/ros2_industrial_ws/install/template_package_python:/home/student2/ros2_industrial_ws/install/ros_industrial_utilities:/home/student2/ros2_industrial_ws/install/ros_industrial_support:/home/student2/ros2_industrial_ws/install/range_sensor:/home/student2/ros2_industrial_ws/install/node_demo:/home/student2/ros2_industrial_ws/install/manipulation:/home/student2/ros2_industrial_ws/install/fanuc_robots:/home/student2/xarm_ws/install/uf_ros_lib:/opt/ros/jazzy DEBUGINFOD_URLS=https://debuginfod.ubuntu.com /usr/bin/cmake --install /home/student2/my_ur_ws/src/my_ur_ROS2/build/my_ur_description
[1.524s] Level 1:colcon.colcon_core.environment:checking '/home/student2/my_ur_ws/src/my_ur_ROS2/install/my_ur_description' for CMake config files
[1.524s] Level 1:colcon.colcon_core.shell:create_environment_hook('my_ur_description', 'cmake_prefix_path')
[1.524s] INFO:colcon.colcon_core.shell:Creating environment hook '/home/student2/my_ur_ws/src/my_ur_ROS2/install/my_ur_description/share/my_ur_description/hook/cmake_prefix_path.ps1'
[1.525s] INFO:colcon.colcon_core.shell:Creating environment descriptor '/home/student2/my_ur_ws/src/my_ur_ROS2/install/my_ur_description/share/my_ur_description/hook/cmake_prefix_path.dsv'
[1.525s] INFO:colcon.colcon_core.shell:Creating environment hook '/home/student2/my_ur_ws/src/my_ur_ROS2/install/my_ur_description/share/my_ur_description/hook/cmake_prefix_path.sh'
[1.525s] Level 1:colcon.colcon_core.environment:checking '/home/student2/my_ur_ws/src/my_ur_ROS2/install/my_ur_description/bin'
[1.526s] Level 1:colcon.colcon_core.environment:checking '/home/student2/my_ur_ws/src/my_ur_ROS2/install/my_ur_description/lib/pkgconfig/my_ur_description.pc'
[1.526s] Level 1:colcon.colcon_core.environment:checking '/home/student2/my_ur_ws/src/my_ur_ROS2/install/my_ur_description/lib/python3.12/site-packages'
[1.526s] Level 1:colcon.colcon_core.environment:checking '/home/student2/my_ur_ws/src/my_ur_ROS2/install/my_ur_description/bin'
[1.526s] INFO:colcon.colcon_core.shell:Creating package script '/home/student2/my_ur_ws/src/my_ur_ROS2/install/my_ur_description/share/my_ur_description/package.ps1'
[1.527s] INFO:colcon.colcon_core.shell:Creating package descriptor '/home/student2/my_ur_ws/src/my_ur_ROS2/install/my_ur_description/share/my_ur_description/package.dsv'
[1.527s] INFO:colcon.colcon_core.shell:Creating package script '/home/student2/my_ur_ws/src/my_ur_ROS2/install/my_ur_description/share/my_ur_description/package.sh'
[1.528s] INFO:colcon.colcon_core.shell:Creating package script '/home/student2/my_ur_ws/src/my_ur_ROS2/install/my_ur_description/share/my_ur_description/package.bash'
[1.528s] INFO:colcon.colcon_core.shell:Creating package script '/home/student2/my_ur_ws/src/my_ur_ROS2/install/my_ur_description/share/my_ur_description/package.zsh'
[1.528s] Level 1:colcon.colcon_core.environment:create_file_with_runtime_dependencies(/home/student2/my_ur_ws/src/my_ur_ROS2/install/my_ur_description/share/colcon-core/packages/my_ur_description)
[1.528s] Level 1:colcon.colcon_core.environment:create_environment_scripts_only(my_ur_description)
[1.529s] Level 1:colcon.colcon_core.environment:checking '/home/student2/my_ur_ws/src/my_ur_ROS2/install/my_ur_description' for CMake module files
[1.529s] Level 1:colcon.colcon_core.environment:checking '/home/student2/my_ur_ws/src/my_ur_ROS2/install/my_ur_description' for CMake config files
[1.529s] Level 1:colcon.colcon_core.shell:create_environment_hook('my_ur_description', 'cmake_prefix_path')
[1.529s] INFO:colcon.colcon_core.shell:Creating environment hook '/home/student2/my_ur_ws/src/my_ur_ROS2/install/my_ur_description/share/my_ur_description/hook/cmake_prefix_path.ps1'
[1.530s] INFO:colcon.colcon_core.shell:Creating environment descriptor '/home/student2/my_ur_ws/src/my_ur_ROS2/install/my_ur_description/share/my_ur_description/hook/cmake_prefix_path.dsv'
[1.530s] INFO:colcon.colcon_core.shell:Creating environment hook '/home/student2/my_ur_ws/src/my_ur_ROS2/install/my_ur_description/share/my_ur_description/hook/cmake_prefix_path.sh'
[1.531s] Level 1:colcon.colcon_core.environment:checking '/home/student2/my_ur_ws/src/my_ur_ROS2/install/my_ur_description/bin'
[1.531s] Level 1:colcon.colcon_core.environment:checking '/home/student2/my_ur_ws/src/my_ur_ROS2/install/my_ur_description/lib/pkgconfig/my_ur_description.pc'
[1.531s] Level 1:colcon.colcon_core.environment:checking '/home/student2/my_ur_ws/src/my_ur_ROS2/install/my_ur_description/lib/python3.12/site-packages'
[1.531s] Level 1:colcon.colcon_core.environment:checking '/home/student2/my_ur_ws/src/my_ur_ROS2/install/my_ur_description/bin'
[1.531s] INFO:colcon.colcon_core.shell:Creating package script '/home/student2/my_ur_ws/src/my_ur_ROS2/install/my_ur_description/share/my_ur_description/package.ps1'
[1.532s] INFO:colcon.colcon_core.shell:Creating package descriptor '/home/student2/my_ur_ws/src/my_ur_ROS2/install/my_ur_description/share/my_ur_description/package.dsv'
[1.532s] INFO:colcon.colcon_core.shell:Creating package script '/home/student2/my_ur_ws/src/my_ur_ROS2/install/my_ur_description/share/my_ur_description/package.sh'
[1.533s] INFO:colcon.colcon_core.shell:Creating package script '/home/student2/my_ur_ws/src/my_ur_ROS2/install/my_ur_description/share/my_ur_description/package.bash'
[1.533s] INFO:colcon.colcon_core.shell:Creating package script '/home/student2/my_ur_ws/src/my_ur_ROS2/install/my_ur_description/share/my_ur_description/package.zsh'
[1.533s] Level 1:colcon.colcon_core.environment:create_file_with_runtime_dependencies(/home/student2/my_ur_ws/src/my_ur_ROS2/install/my_ur_description/share/colcon-core/packages/my_ur_description)
[1.533s] INFO:colcon.colcon_ros.task.ament_cmake.build:Building ROS package in '/home/student2/my_ur_ws/src/my_ur_ROS2/my_ur_moveit_config' with build type 'ament_cmake'
[1.534s] INFO:colcon.colcon_cmake.task.cmake.build:Building CMake package in '/home/student2/my_ur_ws/src/my_ur_ROS2/my_ur_moveit_config'
[1.534s] INFO:colcon.colcon_core.shell:Skip shell extension 'powershell' for command environment: Not usable outside of PowerShell
[1.534s] DEBUG:colcon.colcon_core.shell:Skip shell extension 'dsv' for command environment
[1.545s] DEBUG:colcon.colcon_core.event_handler.log_command:Invoking command in '/home/student2/my_ur_ws/src/my_ur_ROS2/build/my_ur_moveit_config': AMENT_PREFIX_PATH=/home/student2/my_ur_ws/src/my_ur_ROS2/install/my_ur_description:${AMENT_PREFIX_PATH} CMAKE_PREFIX_PATH=/home/student2/my_ur_ws/src/my_ur_ROS2/install/my_ur_description:/home/student2/my_ur_ws/install/robotiq_hardware_tests:/home/student2/my_ur_ws/install/my_robotiq_controller:/home/student2/my_ur_ws/install/robotiq_driver:/home/student2/my_ur_ws/install/serial:/home/student2/my_ur_ws/install/robotiq_description:/home/student2/my_ur_ws/install/robotiq_controllers:/home/student2/my_ur_ws/install/my_ur_moveit_config:/home/student2/my_ur_ws/install/my_ur_description:/home/student2/my_ur_ws/install/my_ur_demo_cpp:/home/student2/my_ur_ws/install/my_ur:/home/student2/teachbot_ws/install/teachbot_interfaces:/home/student2/ros2_industrial_ws/install/transferframes_moveit_config:/home/student2/ros2_industrial_ws/install/template_interfaces:/home/student2/ros2_industrial_ws/install/ros_industrial_sensors:/home/student2/ros2_industrial_ws/install/ros_industrial_actuators:/home/student2/ros2_industrial_ws/install/ros_industrial_msgs:/home/student2/ros2_industrial_ws/install/ros_industrial_install:/home/student2/ros2_industrial_ws/install/range_sensor_cpp:/home/student2/ros2_industrial_ws/install/range_sensors_interfaces:/home/student2/ros2_industrial_ws/install/pymoveit2:/home/student2/ros2_industrial_ws/install/my_moveit_python:/home/student2/ros2_industrial_ws/install/manipulation_moveit_config:/home/student2/xarm_ws/install/xarm_planner:/home/student2/xarm_ws/install/xarm_moveit_servo:/home/student2/xarm_ws/install/xarm_moveit_config:/home/student2/xarm_ws/install/xarm_gazebo:/home/student2/xarm_ws/install/xarm_controller:/home/student2/xarm_ws/install/xarm_api:/home/student2/xarm_ws/install/xarm_sdk:/home/student2/xarm_ws/install/xarm_msgs:/home/student2/xarm_ws/install/xarm_description:/home/student2/xarm_ws/install/mbot_demo:/home/student2/xarm_ws/install/realsense_gazebo_plugin:/opt/ros/jazzy/opt/gz_sim_vendor:/opt/ros/jazzy/opt/gz_sensors_vendor:/opt/ros/jazzy/opt/gz_physics_vendor:/opt/ros/jazzy/opt/sdformat_vendor:/opt/ros/jazzy/opt/gz_gui_vendor:/opt/ros/jazzy/opt/gz_transport_vendor:/opt/ros/jazzy/opt/gz_rendering_vendor:/opt/ros/jazzy/opt/gz_plugin_vendor:/opt/ros/jazzy/opt/gz_fuel_tools_vendor:/opt/ros/jazzy/opt/gz_msgs_vendor:/opt/ros/jazzy/opt/gz_common_vendor:/opt/ros/jazzy/opt/gz_math_vendor:/opt/ros/jazzy/opt/gz_utils_vendor:/opt/ros/jazzy/opt/gz_tools_vendor:/opt/ros/jazzy/opt/gz_ogre_next_vendor:/opt/ros/jazzy/opt/gz_dartsim_vendor:/opt/ros/jazzy/opt/gz_cmake_vendor:/home/student2/my_ur_ws/install/robotiq_app:/home/student2/my_ur_ws/install/my_ur_demo:/home/student2/my_ur_ws/install/my_ur_bringup:/home/student2/teachbot_ws/install/teachbot_ros:/home/student2/teachbot_ws/install/teachbot_recorder:/home/student2/teachbot_ws/install/teachbot_follower:/home/student2/teachbot_ws/install/teachbot_description:/home/student2/ros2_industrial_ws/install/urdf_basics:/home/student2/ros2_industrial_ws/install/transferframes:/home/student2/ros2_industrial_ws/install/template_package_python:/home/student2/ros2_industrial_ws/install/ros_industrial_utilities:/home/student2/ros2_industrial_ws/install/ros_industrial_support:/home/student2/ros2_industrial_ws/install/range_sensor:/home/student2/ros2_industrial_ws/install/node_demo:/home/student2/ros2_industrial_ws/install/manipulation:/home/student2/ros2_industrial_ws/install/fanuc_robots:/home/student2/xarm_ws/install/uf_ros_lib:/opt/ros/jazzy DEBUGINFOD_URLS=https://debuginfod.ubuntu.com /usr/bin/cmake /home/student2/my_ur_ws/src/my_ur_ROS2/my_ur_moveit_config -DCMAKE_INSTALL_PREFIX=/home/student2/my_ur_ws/src/my_ur_ROS2/install/my_ur_moveit_config
[1.780s] DEBUG:colcon.colcon_core.event_handler.log_command:Invoking command in '/home/student2/my_ur_ws/src/my_ur_ROS2/my_ur_demo': DEBUGINFOD_URLS=https://debuginfod.ubuntu.com PYTHONPATH=/home/student2/my_ur_ws/src/my_ur_ROS2/build/my_ur_demo/prefix_override:/usr/lib/python3/dist-packages/colcon_core/task/python/colcon_distutils_commands:/home/student2/my_ur_ws/src/my_ur_ROS2/install/my_ur_demo/lib/python3.12/site-packages:${PYTHONPATH} /usr/bin/python3 -W ignore:setup.py install is deprecated -W ignore:easy_install command is deprecated setup.py egg_info --egg-base ../build/my_ur_demo build --build-base /home/student2/my_ur_ws/src/my_ur_ROS2/build/my_ur_demo/build install --record /home/student2/my_ur_ws/src/my_ur_ROS2/build/my_ur_demo/install.log --single-version-externally-managed install_data
[1.799s] DEBUG:colcon.colcon_core.event_handler.log_command:Invoking command in '/home/student2/my_ur_ws/src/my_ur_ROS2/my_ur_bringup': DEBUGINFOD_URLS=https://debuginfod.ubuntu.com PYTHONPATH=/home/student2/my_ur_ws/src/my_ur_ROS2/build/my_ur_bringup/prefix_override:/usr/lib/python3/dist-packages/colcon_core/task/python/colcon_distutils_commands:/home/student2/my_ur_ws/src/my_ur_ROS2/install/my_ur_bringup/lib/python3.12/site-packages:${PYTHONPATH} /usr/bin/python3 -W ignore:setup.py install is deprecated -W ignore:easy_install command is deprecated setup.py egg_info --egg-base ../build/my_ur_bringup build --build-base /home/student2/my_ur_ws/src/my_ur_ROS2/build/my_ur_bringup/build install --record /home/student2/my_ur_ws/src/my_ur_ROS2/build/my_ur_bringup/install.log --single-version-externally-managed install_data
[2.334s] DEBUG:colcon.colcon_core.event_handler.log_command:Invoked command in '/home/student2/my_ur_ws/src/my_ur_ROS2/build/my_ur_moveit_config' returned '0': AMENT_PREFIX_PATH=/home/student2/my_ur_ws/src/my_ur_ROS2/install/my_ur_description:${AMENT_PREFIX_PATH} CMAKE_PREFIX_PATH=/home/student2/my_ur_ws/src/my_ur_ROS2/install/my_ur_description:/home/student2/my_ur_ws/install/robotiq_hardware_tests:/home/student2/my_ur_ws/install/my_robotiq_controller:/home/student2/my_ur_ws/install/robotiq_driver:/home/student2/my_ur_ws/install/serial:/home/student2/my_ur_ws/install/robotiq_description:/home/student2/my_ur_ws/install/robotiq_controllers:/home/student2/my_ur_ws/install/my_ur_moveit_config:/home/student2/my_ur_ws/install/my_ur_description:/home/student2/my_ur_ws/install/my_ur_demo_cpp:/home/student2/my_ur_ws/install/my_ur:/home/student2/teachbot_ws/install/teachbot_interfaces:/home/student2/ros2_industrial_ws/install/transferframes_moveit_config:/home/student2/ros2_industrial_ws/install/template_interfaces:/home/student2/ros2_industrial_ws/install/ros_industrial_sensors:/home/student2/ros2_industrial_ws/install/ros_industrial_actuators:/home/student2/ros2_industrial_ws/install/ros_industrial_msgs:/home/student2/ros2_industrial_ws/install/ros_industrial_install:/home/student2/ros2_industrial_ws/install/range_sensor_cpp:/home/student2/ros2_industrial_ws/install/range_sensors_interfaces:/home/student2/ros2_industrial_ws/install/pymoveit2:/home/student2/ros2_industrial_ws/install/my_moveit_python:/home/student2/ros2_industrial_ws/install/manipulation_moveit_config:/home/student2/xarm_ws/install/xarm_planner:/home/student2/xarm_ws/install/xarm_moveit_servo:/home/student2/xarm_ws/install/xarm_moveit_config:/home/student2/xarm_ws/install/xarm_gazebo:/home/student2/xarm_ws/install/xarm_controller:/home/student2/xarm_ws/install/xarm_api:/home/student2/xarm_ws/install/xarm_sdk:/home/student2/xarm_ws/install/xarm_msgs:/home/student2/xarm_ws/install/xarm_description:/home/student2/xarm_ws/install/mbot_demo:/home/student2/xarm_ws/install/realsense_gazebo_plugin:/opt/ros/jazzy/opt/gz_sim_vendor:/opt/ros/jazzy/opt/gz_sensors_vendor:/opt/ros/jazzy/opt/gz_physics_vendor:/opt/ros/jazzy/opt/sdformat_vendor:/opt/ros/jazzy/opt/gz_gui_vendor:/opt/ros/jazzy/opt/gz_transport_vendor:/opt/ros/jazzy/opt/gz_rendering_vendor:/opt/ros/jazzy/opt/gz_plugin_vendor:/opt/ros/jazzy/opt/gz_fuel_tools_vendor:/opt/ros/jazzy/opt/gz_msgs_vendor:/opt/ros/jazzy/opt/gz_common_vendor:/opt/ros/jazzy/opt/gz_math_vendor:/opt/ros/jazzy/opt/gz_utils_vendor:/opt/ros/jazzy/opt/gz_tools_vendor:/opt/ros/jazzy/opt/gz_ogre_next_vendor:/opt/ros/jazzy/opt/gz_dartsim_vendor:/opt/ros/jazzy/opt/gz_cmake_vendor:/home/student2/my_ur_ws/install/robotiq_app:/home/student2/my_ur_ws/install/my_ur_demo:/home/student2/my_ur_ws/install/my_ur_bringup:/home/student2/teachbot_ws/install/teachbot_ros:/home/student2/teachbot_ws/install/teachbot_recorder:/home/student2/teachbot_ws/install/teachbot_follower:/home/student2/teachbot_ws/install/teachbot_description:/home/student2/ros2_industrial_ws/install/urdf_basics:/home/student2/ros2_industrial_ws/install/transferframes:/home/student2/ros2_industrial_ws/install/template_package_python:/home/student2/ros2_industrial_ws/install/ros_industrial_utilities:/home/student2/ros2_industrial_ws/install/ros_industrial_support:/home/student2/ros2_industrial_ws/install/range_sensor:/home/student2/ros2_industrial_ws/install/node_demo:/home/student2/ros2_industrial_ws/install/manipulation:/home/student2/ros2_industrial_ws/install/fanuc_robots:/home/student2/xarm_ws/install/uf_ros_lib:/opt/ros/jazzy DEBUGINFOD_URLS=https://debuginfod.ubuntu.com /usr/bin/cmake /home/student2/my_ur_ws/src/my_ur_ROS2/my_ur_moveit_config -DCMAKE_INSTALL_PREFIX=/home/student2/my_ur_ws/src/my_ur_ROS2/install/my_ur_moveit_config
[2.335s] DEBUG:colcon.colcon_core.event_handler.log_command:Invoking command in '/home/student2/my_ur_ws/src/my_ur_ROS2/build/my_ur_moveit_config': AMENT_PREFIX_PATH=/home/student2/my_ur_ws/src/my_ur_ROS2/install/my_ur_description:${AMENT_PREFIX_PATH} CMAKE_PREFIX_PATH=/home/student2/my_ur_ws/src/my_ur_ROS2/install/my_ur_description:/home/student2/my_ur_ws/install/robotiq_hardware_tests:/home/student2/my_ur_ws/install/my_robotiq_controller:/home/student2/my_ur_ws/install/robotiq_driver:/home/student2/my_ur_ws/install/serial:/home/student2/my_ur_ws/install/robotiq_description:/home/student2/my_ur_ws/install/robotiq_controllers:/home/student2/my_ur_ws/install/my_ur_moveit_config:/home/student2/my_ur_ws/install/my_ur_description:/home/student2/my_ur_ws/install/my_ur_demo_cpp:/home/student2/my_ur_ws/install/my_ur:/home/student2/teachbot_ws/install/teachbot_interfaces:/home/student2/ros2_industrial_ws/install/transferframes_moveit_config:/home/student2/ros2_industrial_ws/install/template_interfaces:/home/student2/ros2_industrial_ws/install/ros_industrial_sensors:/home/student2/ros2_industrial_ws/install/ros_industrial_actuators:/home/student2/ros2_industrial_ws/install/ros_industrial_msgs:/home/student2/ros2_industrial_ws/install/ros_industrial_install:/home/student2/ros2_industrial_ws/install/range_sensor_cpp:/home/student2/ros2_industrial_ws/install/range_sensors_interfaces:/home/student2/ros2_industrial_ws/install/pymoveit2:/home/student2/ros2_industrial_ws/install/my_moveit_python:/home/student2/ros2_industrial_ws/install/manipulation_moveit_config:/home/student2/xarm_ws/install/xarm_planner:/home/student2/xarm_ws/install/xarm_moveit_servo:/home/student2/xarm_ws/install/xarm_moveit_config:/home/student2/xarm_ws/install/xarm_gazebo:/home/student2/xarm_ws/install/xarm_controller:/home/student2/xarm_ws/install/xarm_api:/home/student2/xarm_ws/install/xarm_sdk:/home/student2/xarm_ws/install/xarm_msgs:/home/student2/xarm_ws/install/xarm_description:/home/student2/xarm_ws/install/mbot_demo:/home/student2/xarm_ws/install/realsense_gazebo_plugin:/opt/ros/jazzy/opt/gz_sim_vendor:/opt/ros/jazzy/opt/gz_sensors_vendor:/opt/ros/jazzy/opt/gz_physics_vendor:/opt/ros/jazzy/opt/sdformat_vendor:/opt/ros/jazzy/opt/gz_gui_vendor:/opt/ros/jazzy/opt/gz_transport_vendor:/opt/ros/jazzy/opt/gz_rendering_vendor:/opt/ros/jazzy/opt/gz_plugin_vendor:/opt/ros/jazzy/opt/gz_fuel_tools_vendor:/opt/ros/jazzy/opt/gz_msgs_vendor:/opt/ros/jazzy/opt/gz_common_vendor:/opt/ros/jazzy/opt/gz_math_vendor:/opt/ros/jazzy/opt/gz_utils_vendor:/opt/ros/jazzy/opt/gz_tools_vendor:/opt/ros/jazzy/opt/gz_ogre_next_vendor:/opt/ros/jazzy/opt/gz_dartsim_vendor:/opt/ros/jazzy/opt/gz_cmake_vendor:/home/student2/my_ur_ws/install/robotiq_app:/home/student2/my_ur_ws/install/my_ur_demo:/home/student2/my_ur_ws/install/my_ur_bringup:/home/student2/teachbot_ws/install/teachbot_ros:/home/student2/teachbot_ws/install/teachbot_recorder:/home/student2/teachbot_ws/install/teachbot_follower:/home/student2/teachbot_ws/install/teachbot_description:/home/student2/ros2_industrial_ws/install/urdf_basics:/home/student2/ros2_industrial_ws/install/transferframes:/home/student2/ros2_industrial_ws/install/template_package_python:/home/student2/ros2_industrial_ws/install/ros_industrial_utilities:/home/student2/ros2_industrial_ws/install/ros_industrial_support:/home/student2/ros2_industrial_ws/install/range_sensor:/home/student2/ros2_industrial_ws/install/node_demo:/home/student2/ros2_industrial_ws/install/manipulation:/home/student2/ros2_industrial_ws/install/fanuc_robots:/home/student2/xarm_ws/install/uf_ros_lib:/opt/ros/jazzy DEBUGINFOD_URLS=https://debuginfod.ubuntu.com /usr/bin/cmake --build /home/student2/my_ur_ws/src/my_ur_ROS2/build/my_ur_moveit_config -- -j8 -l8
[2.371s] DEBUG:colcon.colcon_core.event_handler.log_command:Invoked command in '/home/student2/my_ur_ws/src/my_ur_ROS2/build/my_ur_moveit_config' returned '0': AMENT_PREFIX_PATH=/home/student2/my_ur_ws/src/my_ur_ROS2/install/my_ur_description:${AMENT_PREFIX_PATH} CMAKE_PREFIX_PATH=/home/student2/my_ur_ws/src/my_ur_ROS2/install/my_ur_description:/home/student2/my_ur_ws/install/robotiq_hardware_tests:/home/student2/my_ur_ws/install/my_robotiq_controller:/home/student2/my_ur_ws/install/robotiq_driver:/home/student2/my_ur_ws/install/serial:/home/student2/my_ur_ws/install/robotiq_description:/home/student2/my_ur_ws/install/robotiq_controllers:/home/student2/my_ur_ws/install/my_ur_moveit_config:/home/student2/my_ur_ws/install/my_ur_description:/home/student2/my_ur_ws/install/my_ur_demo_cpp:/home/student2/my_ur_ws/install/my_ur:/home/student2/teachbot_ws/install/teachbot_interfaces:/home/student2/ros2_industrial_ws/install/transferframes_moveit_config:/home/student2/ros2_industrial_ws/install/template_interfaces:/home/student2/ros2_industrial_ws/install/ros_industrial_sensors:/home/student2/ros2_industrial_ws/install/ros_industrial_actuators:/home/student2/ros2_industrial_ws/install/ros_industrial_msgs:/home/student2/ros2_industrial_ws/install/ros_industrial_install:/home/student2/ros2_industrial_ws/install/range_sensor_cpp:/home/student2/ros2_industrial_ws/install/range_sensors_interfaces:/home/student2/ros2_industrial_ws/install/pymoveit2:/home/student2/ros2_industrial_ws/install/my_moveit_python:/home/student2/ros2_industrial_ws/install/manipulation_moveit_config:/home/student2/xarm_ws/install/xarm_planner:/home/student2/xarm_ws/install/xarm_moveit_servo:/home/student2/xarm_ws/install/xarm_moveit_config:/home/student2/xarm_ws/install/xarm_gazebo:/home/student2/xarm_ws/install/xarm_controller:/home/student2/xarm_ws/install/xarm_api:/home/student2/xarm_ws/install/xarm_sdk:/home/student2/xarm_ws/install/xarm_msgs:/home/student2/xarm_ws/install/xarm_description:/home/student2/xarm_ws/install/mbot_demo:/home/student2/xarm_ws/install/realsense_gazebo_plugin:/opt/ros/jazzy/opt/gz_sim_vendor:/opt/ros/jazzy/opt/gz_sensors_vendor:/opt/ros/jazzy/opt/gz_physics_vendor:/opt/ros/jazzy/opt/sdformat_vendor:/opt/ros/jazzy/opt/gz_gui_vendor:/opt/ros/jazzy/opt/gz_transport_vendor:/opt/ros/jazzy/opt/gz_rendering_vendor:/opt/ros/jazzy/opt/gz_plugin_vendor:/opt/ros/jazzy/opt/gz_fuel_tools_vendor:/opt/ros/jazzy/opt/gz_msgs_vendor:/opt/ros/jazzy/opt/gz_common_vendor:/opt/ros/jazzy/opt/gz_math_vendor:/opt/ros/jazzy/opt/gz_utils_vendor:/opt/ros/jazzy/opt/gz_tools_vendor:/opt/ros/jazzy/opt/gz_ogre_next_vendor:/opt/ros/jazzy/opt/gz_dartsim_vendor:/opt/ros/jazzy/opt/gz_cmake_vendor:/home/student2/my_ur_ws/install/robotiq_app:/home/student2/my_ur_ws/install/my_ur_demo:/home/student2/my_ur_ws/install/my_ur_bringup:/home/student2/teachbot_ws/install/teachbot_ros:/home/student2/teachbot_ws/install/teachbot_recorder:/home/student2/teachbot_ws/install/teachbot_follower:/home/student2/teachbot_ws/install/teachbot_description:/home/student2/ros2_industrial_ws/install/urdf_basics:/home/student2/ros2_industrial_ws/install/transferframes:/home/student2/ros2_industrial_ws/install/template_package_python:/home/student2/ros2_industrial_ws/install/ros_industrial_utilities:/home/student2/ros2_industrial_ws/install/ros_industrial_support:/home/student2/ros2_industrial_ws/install/range_sensor:/home/student2/ros2_industrial_ws/install/node_demo:/home/student2/ros2_industrial_ws/install/manipulation:/home/student2/ros2_industrial_ws/install/fanuc_robots:/home/student2/xarm_ws/install/uf_ros_lib:/opt/ros/jazzy DEBUGINFOD_URLS=https://debuginfod.ubuntu.com /usr/bin/cmake --build /home/student2/my_ur_ws/src/my_ur_ROS2/build/my_ur_moveit_config -- -j8 -l8
[2.372s] DEBUG:colcon.colcon_core.event_handler.log_command:Invoking command in '/home/student2/my_ur_ws/src/my_ur_ROS2/build/my_ur_moveit_config': AMENT_PREFIX_PATH=/home/student2/my_ur_ws/src/my_ur_ROS2/install/my_ur_description:${AMENT_PREFIX_PATH} CMAKE_PREFIX_PATH=/home/student2/my_ur_ws/src/my_ur_ROS2/install/my_ur_description:/home/student2/my_ur_ws/install/robotiq_hardware_tests:/home/student2/my_ur_ws/install/my_robotiq_controller:/home/student2/my_ur_ws/install/robotiq_driver:/home/student2/my_ur_ws/install/serial:/home/student2/my_ur_ws/install/robotiq_description:/home/student2/my_ur_ws/install/robotiq_controllers:/home/student2/my_ur_ws/install/my_ur_moveit_config:/home/student2/my_ur_ws/install/my_ur_description:/home/student2/my_ur_ws/install/my_ur_demo_cpp:/home/student2/my_ur_ws/install/my_ur:/home/student2/teachbot_ws/install/teachbot_interfaces:/home/student2/ros2_industrial_ws/install/transferframes_moveit_config:/home/student2/ros2_industrial_ws/install/template_interfaces:/home/student2/ros2_industrial_ws/install/ros_industrial_sensors:/home/student2/ros2_industrial_ws/install/ros_industrial_actuators:/home/student2/ros2_industrial_ws/install/ros_industrial_msgs:/home/student2/ros2_industrial_ws/install/ros_industrial_install:/home/student2/ros2_industrial_ws/install/range_sensor_cpp:/home/student2/ros2_industrial_ws/install/range_sensors_interfaces:/home/student2/ros2_industrial_ws/install/pymoveit2:/home/student2/ros2_industrial_ws/install/my_moveit_python:/home/student2/ros2_industrial_ws/install/manipulation_moveit_config:/home/student2/xarm_ws/install/xarm_planner:/home/student2/xarm_ws/install/xarm_moveit_servo:/home/student2/xarm_ws/install/xarm_moveit_config:/home/student2/xarm_ws/install/xarm_gazebo:/home/student2/xarm_ws/install/xarm_controller:/home/student2/xarm_ws/install/xarm_api:/home/student2/xarm_ws/install/xarm_sdk:/home/student2/xarm_ws/install/xarm_msgs:/home/student2/xarm_ws/install/xarm_description:/home/student2/xarm_ws/install/mbot_demo:/home/student2/xarm_ws/install/realsense_gazebo_plugin:/opt/ros/jazzy/opt/gz_sim_vendor:/opt/ros/jazzy/opt/gz_sensors_vendor:/opt/ros/jazzy/opt/gz_physics_vendor:/opt/ros/jazzy/opt/sdformat_vendor:/opt/ros/jazzy/opt/gz_gui_vendor:/opt/ros/jazzy/opt/gz_transport_vendor:/opt/ros/jazzy/opt/gz_rendering_vendor:/opt/ros/jazzy/opt/gz_plugin_vendor:/opt/ros/jazzy/opt/gz_fuel_tools_vendor:/opt/ros/jazzy/opt/gz_msgs_vendor:/opt/ros/jazzy/opt/gz_common_vendor:/opt/ros/jazzy/opt/gz_math_vendor:/opt/ros/jazzy/opt/gz_utils_vendor:/opt/ros/jazzy/opt/gz_tools_vendor:/opt/ros/jazzy/opt/gz_ogre_next_vendor:/opt/ros/jazzy/opt/gz_dartsim_vendor:/opt/ros/jazzy/opt/gz_cmake_vendor:/home/student2/my_ur_ws/install/robotiq_app:/home/student2/my_ur_ws/install/my_ur_demo:/home/student2/my_ur_ws/install/my_ur_bringup:/home/student2/teachbot_ws/install/teachbot_ros:/home/student2/teachbot_ws/install/teachbot_recorder:/home/student2/teachbot_ws/install/teachbot_follower:/home/student2/teachbot_ws/install/teachbot_description:/home/student2/ros2_industrial_ws/install/urdf_basics:/home/student2/ros2_industrial_ws/install/transferframes:/home/student2/ros2_industrial_ws/install/template_package_python:/home/student2/ros2_industrial_ws/install/ros_industrial_utilities:/home/student2/ros2_industrial_ws/install/ros_industrial_support:/home/student2/ros2_industrial_ws/install/range_sensor:/home/student2/ros2_industrial_ws/install/node_demo:/home/student2/ros2_industrial_ws/install/manipulation:/home/student2/ros2_industrial_ws/install/fanuc_robots:/home/student2/xarm_ws/install/uf_ros_lib:/opt/ros/jazzy DEBUGINFOD_URLS=https://debuginfod.ubuntu.com /usr/bin/cmake --install /home/student2/my_ur_ws/src/my_ur_ROS2/build/my_ur_moveit_config
[2.386s] Level 1:colcon.colcon_core.environment:create_environment_scripts_only(my_ur_moveit_config)
[2.387s] Level 1:colcon.colcon_core.environment:checking '/home/student2/my_ur_ws/src/my_ur_ROS2/install/my_ur_moveit_config' for CMake module files
[2.387s] DEBUG:colcon.colcon_core.event_handler.log_command:Invoked command in '/home/student2/my_ur_ws/src/my_ur_ROS2/build/my_ur_moveit_config' returned '0': AMENT_PREFIX_PATH=/home/student2/my_ur_ws/src/my_ur_ROS2/install/my_ur_description:${AMENT_PREFIX_PATH} CMAKE_PREFIX_PATH=/home/student2/my_ur_ws/src/my_ur_ROS2/install/my_ur_description:/home/student2/my_ur_ws/install/robotiq_hardware_tests:/home/student2/my_ur_ws/install/my_robotiq_controller:/home/student2/my_ur_ws/install/robotiq_driver:/home/student2/my_ur_ws/install/serial:/home/student2/my_ur_ws/install/robotiq_description:/home/student2/my_ur_ws/install/robotiq_controllers:/home/student2/my_ur_ws/install/my_ur_moveit_config:/home/student2/my_ur_ws/install/my_ur_description:/home/student2/my_ur_ws/install/my_ur_demo_cpp:/home/student2/my_ur_ws/install/my_ur:/home/student2/teachbot_ws/install/teachbot_interfaces:/home/student2/ros2_industrial_ws/install/transferframes_moveit_config:/home/student2/ros2_industrial_ws/install/template_interfaces:/home/student2/ros2_industrial_ws/install/ros_industrial_sensors:/home/student2/ros2_industrial_ws/install/ros_industrial_actuators:/home/student2/ros2_industrial_ws/install/ros_industrial_msgs:/home/student2/ros2_industrial_ws/install/ros_industrial_install:/home/student2/ros2_industrial_ws/install/range_sensor_cpp:/home/student2/ros2_industrial_ws/install/range_sensors_interfaces:/home/student2/ros2_industrial_ws/install/pymoveit2:/home/student2/ros2_industrial_ws/install/my_moveit_python:/home/student2/ros2_industrial_ws/install/manipulation_moveit_config:/home/student2/xarm_ws/install/xarm_planner:/home/student2/xarm_ws/install/xarm_moveit_servo:/home/student2/xarm_ws/install/xarm_moveit_config:/home/student2/xarm_ws/install/xarm_gazebo:/home/student2/xarm_ws/install/xarm_controller:/home/student2/xarm_ws/install/xarm_api:/home/student2/xarm_ws/install/xarm_sdk:/home/student2/xarm_ws/install/xarm_msgs:/home/student2/xarm_ws/install/xarm_description:/home/student2/xarm_ws/install/mbot_demo:/home/student2/xarm_ws/install/realsense_gazebo_plugin:/opt/ros/jazzy/opt/gz_sim_vendor:/opt/ros/jazzy/opt/gz_sensors_vendor:/opt/ros/jazzy/opt/gz_physics_vendor:/opt/ros/jazzy/opt/sdformat_vendor:/opt/ros/jazzy/opt/gz_gui_vendor:/opt/ros/jazzy/opt/gz_transport_vendor:/opt/ros/jazzy/opt/gz_rendering_vendor:/opt/ros/jazzy/opt/gz_plugin_vendor:/opt/ros/jazzy/opt/gz_fuel_tools_vendor:/opt/ros/jazzy/opt/gz_msgs_vendor:/opt/ros/jazzy/opt/gz_common_vendor:/opt/ros/jazzy/opt/gz_math_vendor:/opt/ros/jazzy/opt/gz_utils_vendor:/opt/ros/jazzy/opt/gz_tools_vendor:/opt/ros/jazzy/opt/gz_ogre_next_vendor:/opt/ros/jazzy/opt/gz_dartsim_vendor:/opt/ros/jazzy/opt/gz_cmake_vendor:/home/student2/my_ur_ws/install/robotiq_app:/home/student2/my_ur_ws/install/my_ur_demo:/home/student2/my_ur_ws/install/my_ur_bringup:/home/student2/teachbot_ws/install/teachbot_ros:/home/student2/teachbot_ws/install/teachbot_recorder:/home/student2/teachbot_ws/install/teachbot_follower:/home/student2/teachbot_ws/install/teachbot_description:/home/student2/ros2_industrial_ws/install/urdf_basics:/home/student2/ros2_industrial_ws/install/transferframes:/home/student2/ros2_industrial_ws/install/template_package_python:/home/student2/ros2_industrial_ws/install/ros_industrial_utilities:/home/student2/ros2_industrial_ws/install/ros_industrial_support:/home/student2/ros2_industrial_ws/install/range_sensor:/home/student2/ros2_industrial_ws/install/node_demo:/home/student2/ros2_industrial_ws/install/manipulation:/home/student2/ros2_industrial_ws/install/fanuc_robots:/home/student2/xarm_ws/install/uf_ros_lib:/opt/ros/jazzy DEBUGINFOD_URLS=https://debuginfod.ubuntu.com /usr/bin/cmake --install /home/student2/my_ur_ws/src/my_ur_ROS2/build/my_ur_moveit_config
[2.387s] Level 1:colcon.colcon_core.environment:checking '/home/student2/my_ur_ws/src/my_ur_ROS2/install/my_ur_moveit_config' for CMake config files
[2.388s] Level 1:colcon.colcon_core.shell:create_environment_hook('my_ur_moveit_config', 'cmake_prefix_path')
[2.388s] INFO:colcon.colcon_core.shell:Creating environment hook '/home/student2/my_ur_ws/src/my_ur_ROS2/install/my_ur_moveit_config/share/my_ur_moveit_config/hook/cmake_prefix_path.ps1'
[2.388s] INFO:colcon.colcon_core.shell:Creating environment descriptor '/home/student2/my_ur_ws/src/my_ur_ROS2/install/my_ur_moveit_config/share/my_ur_moveit_config/hook/cmake_prefix_path.dsv'
[2.388s] INFO:colcon.colcon_core.shell:Creating environment hook '/home/student2/my_ur_ws/src/my_ur_ROS2/install/my_ur_moveit_config/share/my_ur_moveit_config/hook/cmake_prefix_path.sh'
[2.389s] Level 1:colcon.colcon_core.environment:checking '/home/student2/my_ur_ws/src/my_ur_ROS2/install/my_ur_moveit_config/bin'
[2.389s] Level 1:colcon.colcon_core.environment:checking '/home/student2/my_ur_ws/src/my_ur_ROS2/install/my_ur_moveit_config/lib/pkgconfig/my_ur_moveit_config.pc'
[2.389s] Level 1:colcon.colcon_core.environment:checking '/home/student2/my_ur_ws/src/my_ur_ROS2/install/my_ur_moveit_config/lib/python3.12/site-packages'
[2.389s] Level 1:colcon.colcon_core.environment:checking '/home/student2/my_ur_ws/src/my_ur_ROS2/install/my_ur_moveit_config/bin'
[2.390s] INFO:colcon.colcon_core.shell:Creating package script '/home/student2/my_ur_ws/src/my_ur_ROS2/install/my_ur_moveit_config/share/my_ur_moveit_config/package.ps1'
[2.390s] INFO:colcon.colcon_core.shell:Creating package descriptor '/home/student2/my_ur_ws/src/my_ur_ROS2/install/my_ur_moveit_config/share/my_ur_moveit_config/package.dsv'
[2.391s] INFO:colcon.colcon_core.shell:Creating package script '/home/student2/my_ur_ws/src/my_ur_ROS2/install/my_ur_moveit_config/share/my_ur_moveit_config/package.sh'
[2.391s] INFO:colcon.colcon_core.shell:Creating package script '/home/student2/my_ur_ws/src/my_ur_ROS2/install/my_ur_moveit_config/share/my_ur_moveit_config/package.bash'
[2.391s] INFO:colcon.colcon_core.shell:Creating package script '/home/student2/my_ur_ws/src/my_ur_ROS2/install/my_ur_moveit_config/share/my_ur_moveit_config/package.zsh'
[2.391s] Level 1:colcon.colcon_core.environment:create_file_with_runtime_dependencies(/home/student2/my_ur_ws/src/my_ur_ROS2/install/my_ur_moveit_config/share/colcon-core/packages/my_ur_moveit_config)
[2.392s] Level 1:colcon.colcon_core.environment:create_environment_scripts_only(my_ur_moveit_config)
[2.392s] Level 1:colcon.colcon_core.environment:checking '/home/student2/my_ur_ws/src/my_ur_ROS2/install/my_ur_moveit_config' for CMake module files
[2.392s] Level 1:colcon.colcon_core.environment:checking '/home/student2/my_ur_ws/src/my_ur_ROS2/install/my_ur_moveit_config' for CMake config files
[2.393s] Level 1:colcon.colcon_core.shell:create_environment_hook('my_ur_moveit_config', 'cmake_prefix_path')
[2.393s] INFO:colcon.colcon_core.shell:Creating environment hook '/home/student2/my_ur_ws/src/my_ur_ROS2/install/my_ur_moveit_config/share/my_ur_moveit_config/hook/cmake_prefix_path.ps1'
[2.393s] INFO:colcon.colcon_core.shell:Creating environment descriptor '/home/student2/my_ur_ws/src/my_ur_ROS2/install/my_ur_moveit_config/share/my_ur_moveit_config/hook/cmake_prefix_path.dsv'
[2.393s] INFO:colcon.colcon_core.shell:Creating environment hook '/home/student2/my_ur_ws/src/my_ur_ROS2/install/my_ur_moveit_config/share/my_ur_moveit_config/hook/cmake_prefix_path.sh'
[2.394s] Level 1:colcon.colcon_core.environment:checking '/home/student2/my_ur_ws/src/my_ur_ROS2/install/my_ur_moveit_config/bin'
[2.394s] Level 1:colcon.colcon_core.environment:checking '/home/student2/my_ur_ws/src/my_ur_ROS2/install/my_ur_moveit_config/lib/pkgconfig/my_ur_moveit_config.pc'
[2.394s] Level 1:colcon.colcon_core.environment:checking '/home/student2/my_ur_ws/src/my_ur_ROS2/install/my_ur_moveit_config/lib/python3.12/site-packages'
[2.395s] Level 1:colcon.colcon_core.environment:checking '/home/student2/my_ur_ws/src/my_ur_ROS2/install/my_ur_moveit_config/bin'
[2.395s] INFO:colcon.colcon_core.shell:Creating package script '/home/student2/my_ur_ws/src/my_ur_ROS2/install/my_ur_moveit_config/share/my_ur_moveit_config/package.ps1'
[2.396s] INFO:colcon.colcon_core.shell:Creating package descriptor '/home/student2/my_ur_ws/src/my_ur_ROS2/install/my_ur_moveit_config/share/my_ur_moveit_config/package.dsv'
[2.396s] INFO:colcon.colcon_core.shell:Creating package script '/home/student2/my_ur_ws/src/my_ur_ROS2/install/my_ur_moveit_config/share/my_ur_moveit_config/package.sh'
[2.396s] INFO:colcon.colcon_core.shell:Creating package script '/home/student2/my_ur_ws/src/my_ur_ROS2/install/my_ur_moveit_config/share/my_ur_moveit_config/package.bash'
[2.397s] INFO:colcon.colcon_core.shell:Creating package script '/home/student2/my_ur_ws/src/my_ur_ROS2/install/my_ur_moveit_config/share/my_ur_moveit_config/package.zsh'
[2.397s] Level 1:colcon.colcon_core.environment:create_file_with_runtime_dependencies(/home/student2/my_ur_ws/src/my_ur_ROS2/install/my_ur_moveit_config/share/colcon-core/packages/my_ur_moveit_config)
[2.400s] Level 1:colcon.colcon_core.environment:checking '/home/student2/my_ur_ws/src/my_ur_ROS2/install/my_ur_demo' for CMake module files
[2.400s] DEBUG:colcon.colcon_core.event_handler.log_command:Invoked command in '/home/student2/my_ur_ws/src/my_ur_ROS2/my_ur_demo' returned '0': DEBUGINFOD_URLS=https://debuginfod.ubuntu.com PYTHONPATH=/home/student2/my_ur_ws/src/my_ur_ROS2/build/my_ur_demo/prefix_override:/usr/lib/python3/dist-packages/colcon_core/task/python/colcon_distutils_commands:/home/student2/my_ur_ws/src/my_ur_ROS2/install/my_ur_demo/lib/python3.12/site-packages:${PYTHONPATH} /usr/bin/python3 -W ignore:setup.py install is deprecated -W ignore:easy_install command is deprecated setup.py egg_info --egg-base ../build/my_ur_demo build --build-base /home/student2/my_ur_ws/src/my_ur_ROS2/build/my_ur_demo/build install --record /home/student2/my_ur_ws/src/my_ur_ROS2/build/my_ur_demo/install.log --single-version-externally-managed install_data
[2.401s] Level 1:colcon.colcon_core.environment:checking '/home/student2/my_ur_ws/src/my_ur_ROS2/install/my_ur_demo' for CMake config files
[2.401s] Level 1:colcon.colcon_core.environment:checking '/home/student2/my_ur_ws/src/my_ur_ROS2/install/my_ur_demo/lib'
[2.401s] Level 1:colcon.colcon_core.environment:checking '/home/student2/my_ur_ws/src/my_ur_ROS2/install/my_ur_demo/bin'
[2.401s] Level 1:colcon.colcon_core.environment:checking '/home/student2/my_ur_ws/src/my_ur_ROS2/install/my_ur_demo/lib/pkgconfig/my_ur_demo.pc'
[2.401s] Level 1:colcon.colcon_core.environment:checking '/home/student2/my_ur_ws/src/my_ur_ROS2/install/my_ur_demo/lib/python3.12/site-packages'
[2.402s] Level 1:colcon.colcon_core.shell:create_environment_hook('my_ur_demo', 'pythonpath')
[2.402s] INFO:colcon.colcon_core.shell:Creating environment hook '/home/student2/my_ur_ws/src/my_ur_ROS2/install/my_ur_demo/share/my_ur_demo/hook/pythonpath.ps1'
[2.402s] INFO:colcon.colcon_core.shell:Creating environment descriptor '/home/student2/my_ur_ws/src/my_ur_ROS2/install/my_ur_demo/share/my_ur_demo/hook/pythonpath.dsv'
[2.402s] INFO:colcon.colcon_core.shell:Creating environment hook '/home/student2/my_ur_ws/src/my_ur_ROS2/install/my_ur_demo/share/my_ur_demo/hook/pythonpath.sh'
[2.403s] Level 1:colcon.colcon_core.environment:checking '/home/student2/my_ur_ws/src/my_ur_ROS2/install/my_ur_demo/bin'
[2.403s] Level 1:colcon.colcon_core.environment:create_environment_scripts_only(my_ur_demo)
[2.403s] INFO:colcon.colcon_core.shell:Creating package script '/home/student2/my_ur_ws/src/my_ur_ROS2/install/my_ur_demo/share/my_ur_demo/package.ps1'
[2.404s] INFO:colcon.colcon_core.shell:Creating package descriptor '/home/student2/my_ur_ws/src/my_ur_ROS2/install/my_ur_demo/share/my_ur_demo/package.dsv'
[2.404s] INFO:colcon.colcon_core.shell:Creating package script '/home/student2/my_ur_ws/src/my_ur_ROS2/install/my_ur_demo/share/my_ur_demo/package.sh'
[2.405s] INFO:colcon.colcon_core.shell:Creating package script '/home/student2/my_ur_ws/src/my_ur_ROS2/install/my_ur_demo/share/my_ur_demo/package.bash'
[2.405s] INFO:colcon.colcon_core.shell:Creating package script '/home/student2/my_ur_ws/src/my_ur_ROS2/install/my_ur_demo/share/my_ur_demo/package.zsh'
[2.405s] Level 1:colcon.colcon_core.environment:create_file_with_runtime_dependencies(/home/student2/my_ur_ws/src/my_ur_ROS2/install/my_ur_demo/share/colcon-core/packages/my_ur_demo)
[2.425s] Level 1:colcon.colcon_core.environment:checking '/home/student2/my_ur_ws/src/my_ur_ROS2/install/my_ur_bringup' for CMake module files
[2.426s] Level 1:colcon.colcon_core.environment:checking '/home/student2/my_ur_ws/src/my_ur_ROS2/install/my_ur_bringup' for CMake config files
[2.426s] Level 1:colcon.colcon_core.environment:checking '/home/student2/my_ur_ws/src/my_ur_ROS2/install/my_ur_bringup/lib'
[2.426s] Level 1:colcon.colcon_core.environment:checking '/home/student2/my_ur_ws/src/my_ur_ROS2/install/my_ur_bringup/bin'
[2.426s] Level 1:colcon.colcon_core.environment:checking '/home/student2/my_ur_ws/src/my_ur_ROS2/install/my_ur_bringup/lib/pkgconfig/my_ur_bringup.pc'
[2.427s] Level 1:colcon.colcon_core.environment:checking '/home/student2/my_ur_ws/src/my_ur_ROS2/install/my_ur_bringup/lib/python3.12/site-packages'
[2.427s] Level 1:colcon.colcon_core.shell:create_environment_hook('my_ur_bringup', 'pythonpath')
[2.427s] INFO:colcon.colcon_core.shell:Creating environment hook '/home/student2/my_ur_ws/src/my_ur_ROS2/install/my_ur_bringup/share/my_ur_bringup/hook/pythonpath.ps1'
[2.427s] INFO:colcon.colcon_core.shell:Creating environment descriptor '/home/student2/my_ur_ws/src/my_ur_ROS2/install/my_ur_bringup/share/my_ur_bringup/hook/pythonpath.dsv'
[2.427s] INFO:colcon.colcon_core.shell:Creating environment hook '/home/student2/my_ur_ws/src/my_ur_ROS2/install/my_ur_bringup/share/my_ur_bringup/hook/pythonpath.sh'
[2.428s] Level 1:colcon.colcon_core.environment:checking '/home/student2/my_ur_ws/src/my_ur_ROS2/install/my_ur_bringup/bin'
[2.428s] Level 1:colcon.colcon_core.environment:create_environment_scripts_only(my_ur_bringup)
[2.428s] INFO:colcon.colcon_core.shell:Creating package script '/home/student2/my_ur_ws/src/my_ur_ROS2/install/my_ur_bringup/share/my_ur_bringup/package.ps1'
[2.429s] DEBUG:colcon.colcon_core.event_handler.log_command:Invoked command in '/home/student2/my_ur_ws/src/my_ur_ROS2/my_ur_bringup' returned '0': DEBUGINFOD_URLS=https://debuginfod.ubuntu.com PYTHONPATH=/home/student2/my_ur_ws/src/my_ur_ROS2/build/my_ur_bringup/prefix_override:/usr/lib/python3/dist-packages/colcon_core/task/python/colcon_distutils_commands:/home/student2/my_ur_ws/src/my_ur_ROS2/install/my_ur_bringup/lib/python3.12/site-packages:${PYTHONPATH} /usr/bin/python3 -W ignore:setup.py install is deprecated -W ignore:easy_install command is deprecated setup.py egg_info --egg-base ../build/my_ur_bringup build --build-base /home/student2/my_ur_ws/src/my_ur_ROS2/build/my_ur_bringup/build install --record /home/student2/my_ur_ws/src/my_ur_ROS2/build/my_ur_bringup/install.log --single-version-externally-managed install_data
[2.429s] INFO:colcon.colcon_core.shell:Creating package descriptor '/home/student2/my_ur_ws/src/my_ur_ROS2/install/my_ur_bringup/share/my_ur_bringup/package.dsv'
[2.430s] INFO:colcon.colcon_core.shell:Creating package script '/home/student2/my_ur_ws/src/my_ur_ROS2/install/my_ur_bringup/share/my_ur_bringup/package.sh'
[2.430s] INFO:colcon.colcon_core.shell:Creating package script '/home/student2/my_ur_ws/src/my_ur_ROS2/install/my_ur_bringup/share/my_ur_bringup/package.bash'
[2.430s] INFO:colcon.colcon_core.shell:Creating package script '/home/student2/my_ur_ws/src/my_ur_ROS2/install/my_ur_bringup/share/my_ur_bringup/package.zsh'
[2.431s] Level 1:colcon.colcon_core.environment:create_file_with_runtime_dependencies(/home/student2/my_ur_ws/src/my_ur_ROS2/install/my_ur_bringup/share/colcon-core/packages/my_ur_bringup)
[3.729s] DEBUG:colcon.colcon_core.event_handler.log_command:Invoked command in '/home/student2/my_ur_ws/src/my_ur_ROS2/build/my_ur_demo_cpp' returned '0': CMAKE_PREFIX_PATH=${CMAKE_PREFIX_PATH}:/home/student2/my_ur_ws/install/robotiq_app:/home/student2/my_ur_ws/install/my_ur_demo:/home/student2/my_ur_ws/install/my_ur_bringup:/home/student2/teachbot_ws/install/teachbot_ros:/home/student2/teachbot_ws/install/teachbot_recorder:/home/student2/teachbot_ws/install/teachbot_follower:/home/student2/teachbot_ws/install/teachbot_description:/home/student2/ros2_industrial_ws/install/urdf_basics:/home/student2/ros2_industrial_ws/install/transferframes:/home/student2/ros2_industrial_ws/install/template_package_python:/home/student2/ros2_industrial_ws/install/ros_industrial_utilities:/home/student2/ros2_industrial_ws/install/ros_industrial_support:/home/student2/ros2_industrial_ws/install/range_sensor:/home/student2/ros2_industrial_ws/install/node_demo:/home/student2/ros2_industrial_ws/install/manipulation:/home/student2/ros2_industrial_ws/install/fanuc_robots:/home/student2/xarm_ws/install/uf_ros_lib:/opt/ros/jazzy DEBUGINFOD_URLS=https://debuginfod.ubuntu.com /usr/bin/cmake /home/student2/my_ur_ws/src/my_ur_ROS2/my_ur_demo_cpp -DCMAKE_INSTALL_PREFIX=/home/student2/my_ur_ws/src/my_ur_ROS2/install/my_ur_demo_cpp
[3.730s] DEBUG:colcon.colcon_core.event_handler.log_command:Invoking command in '/home/student2/my_ur_ws/src/my_ur_ROS2/build/my_ur_demo_cpp': CMAKE_PREFIX_PATH=${CMAKE_PREFIX_PATH}:/home/student2/my_ur_ws/install/robotiq_app:/home/student2/my_ur_ws/install/my_ur_demo:/home/student2/my_ur_ws/install/my_ur_bringup:/home/student2/teachbot_ws/install/teachbot_ros:/home/student2/teachbot_ws/install/teachbot_recorder:/home/student2/teachbot_ws/install/teachbot_follower:/home/student2/teachbot_ws/install/teachbot_description:/home/student2/ros2_industrial_ws/install/urdf_basics:/home/student2/ros2_industrial_ws/install/transferframes:/home/student2/ros2_industrial_ws/install/template_package_python:/home/student2/ros2_industrial_ws/install/ros_industrial_utilities:/home/student2/ros2_industrial_ws/install/ros_industrial_support:/home/student2/ros2_industrial_ws/install/range_sensor:/home/student2/ros2_industrial_ws/install/node_demo:/home/student2/ros2_industrial_ws/install/manipulation:/home/student2/ros2_industrial_ws/install/fanuc_robots:/home/student2/xarm_ws/install/uf_ros_lib:/opt/ros/jazzy DEBUGINFOD_URLS=https://debuginfod.ubuntu.com /usr/bin/cmake --build /home/student2/my_ur_ws/src/my_ur_ROS2/build/my_ur_demo_cpp -- -j8 -l8
[11.920s] DEBUG:colcon.colcon_core.event_handler.log_command:Invoked command in '/home/student2/my_ur_ws/src/my_ur_ROS2/build/my_ur_demo_cpp' returned '0': CMAKE_PREFIX_PATH=${CMAKE_PREFIX_PATH}:/home/student2/my_ur_ws/install/robotiq_app:/home/student2/my_ur_ws/install/my_ur_demo:/home/student2/my_ur_ws/install/my_ur_bringup:/home/student2/teachbot_ws/install/teachbot_ros:/home/student2/teachbot_ws/install/teachbot_recorder:/home/student2/teachbot_ws/install/teachbot_follower:/home/student2/teachbot_ws/install/teachbot_description:/home/student2/ros2_industrial_ws/install/urdf_basics:/home/student2/ros2_industrial_ws/install/transferframes:/home/student2/ros2_industrial_ws/install/template_package_python:/home/student2/ros2_industrial_ws/install/ros_industrial_utilities:/home/student2/ros2_industrial_ws/install/ros_industrial_support:/home/student2/ros2_industrial_ws/install/range_sensor:/home/student2/ros2_industrial_ws/install/node_demo:/home/student2/ros2_industrial_ws/install/manipulation:/home/student2/ros2_industrial_ws/install/fanuc_robots:/home/student2/xarm_ws/install/uf_ros_lib:/opt/ros/jazzy DEBUGINFOD_URLS=https://debuginfod.ubuntu.com /usr/bin/cmake --build /home/student2/my_ur_ws/src/my_ur_ROS2/build/my_ur_demo_cpp -- -j8 -l8
[11.920s] DEBUG:colcon.colcon_core.event_handler.log_command:Invoking command in '/home/student2/my_ur_ws/src/my_ur_ROS2/build/my_ur_demo_cpp': CMAKE_PREFIX_PATH=${CMAKE_PREFIX_PATH}:/home/student2/my_ur_ws/install/robotiq_app:/home/student2/my_ur_ws/install/my_ur_demo:/home/student2/my_ur_ws/install/my_ur_bringup:/home/student2/teachbot_ws/install/teachbot_ros:/home/student2/teachbot_ws/install/teachbot_recorder:/home/student2/teachbot_ws/install/teachbot_follower:/home/student2/teachbot_ws/install/teachbot_description:/home/student2/ros2_industrial_ws/install/urdf_basics:/home/student2/ros2_industrial_ws/install/transferframes:/home/student2/ros2_industrial_ws/install/template_package_python:/home/student2/ros2_industrial_ws/install/ros_industrial_utilities:/home/student2/ros2_industrial_ws/install/ros_industrial_support:/home/student2/ros2_industrial_ws/install/range_sensor:/home/student2/ros2_industrial_ws/install/node_demo:/home/student2/ros2_industrial_ws/install/manipulation:/home/student2/ros2_industrial_ws/install/fanuc_robots:/home/student2/xarm_ws/install/uf_ros_lib:/opt/ros/jazzy DEBUGINFOD_URLS=https://debuginfod.ubuntu.com /usr/bin/cmake --install /home/student2/my_ur_ws/src/my_ur_ROS2/build/my_ur_demo_cpp
[11.931s] Level 1:colcon.colcon_core.environment:create_environment_scripts_only(my_ur_demo_cpp)
[11.931s] Level 1:colcon.colcon_core.environment:checking '/home/student2/my_ur_ws/src/my_ur_ROS2/install/my_ur_demo_cpp' for CMake module files
[11.931s] DEBUG:colcon.colcon_core.event_handler.log_command:Invoked command in '/home/student2/my_ur_ws/src/my_ur_ROS2/build/my_ur_demo_cpp' returned '0': CMAKE_PREFIX_PATH=${CMAKE_PREFIX_PATH}:/home/student2/my_ur_ws/install/robotiq_app:/home/student2/my_ur_ws/install/my_ur_demo:/home/student2/my_ur_ws/install/my_ur_bringup:/home/student2/teachbot_ws/install/teachbot_ros:/home/student2/teachbot_ws/install/teachbot_recorder:/home/student2/teachbot_ws/install/teachbot_follower:/home/student2/teachbot_ws/install/teachbot_description:/home/student2/ros2_industrial_ws/install/urdf_basics:/home/student2/ros2_industrial_ws/install/transferframes:/home/student2/ros2_industrial_ws/install/template_package_python:/home/student2/ros2_industrial_ws/install/ros_industrial_utilities:/home/student2/ros2_industrial_ws/install/ros_industrial_support:/home/student2/ros2_industrial_ws/install/range_sensor:/home/student2/ros2_industrial_ws/install/node_demo:/home/student2/ros2_industrial_ws/install/manipulation:/home/student2/ros2_industrial_ws/install/fanuc_robots:/home/student2/xarm_ws/install/uf_ros_lib:/opt/ros/jazzy DEBUGINFOD_URLS=https://debuginfod.ubuntu.com /usr/bin/cmake --install /home/student2/my_ur_ws/src/my_ur_ROS2/build/my_ur_demo_cpp
[11.931s] Level 1:colcon.colcon_core.environment:checking '/home/student2/my_ur_ws/src/my_ur_ROS2/install/my_ur_demo_cpp' for CMake config files
[11.932s] Level 1:colcon.colcon_core.shell:create_environment_hook('my_ur_demo_cpp', 'cmake_prefix_path')
[11.932s] INFO:colcon.colcon_core.shell:Creating environment hook '/home/student2/my_ur_ws/src/my_ur_ROS2/install/my_ur_demo_cpp/share/my_ur_demo_cpp/hook/cmake_prefix_path.ps1'
[11.932s] INFO:colcon.colcon_core.shell:Creating environment descriptor '/home/student2/my_ur_ws/src/my_ur_ROS2/install/my_ur_demo_cpp/share/my_ur_demo_cpp/hook/cmake_prefix_path.dsv'
[11.932s] INFO:colcon.colcon_core.shell:Creating environment hook '/home/student2/my_ur_ws/src/my_ur_ROS2/install/my_ur_demo_cpp/share/my_ur_demo_cpp/hook/cmake_prefix_path.sh'
[11.933s] Level 1:colcon.colcon_core.environment:checking '/home/student2/my_ur_ws/src/my_ur_ROS2/install/my_ur_demo_cpp/lib'
[11.933s] Level 1:colcon.colcon_core.environment:checking '/home/student2/my_ur_ws/src/my_ur_ROS2/install/my_ur_demo_cpp/bin'
[11.933s] Level 1:colcon.colcon_core.environment:checking '/home/student2/my_ur_ws/src/my_ur_ROS2/install/my_ur_demo_cpp/lib/pkgconfig/my_ur_demo_cpp.pc'
[11.933s] Level 1:colcon.colcon_core.environment:checking '/home/student2/my_ur_ws/src/my_ur_ROS2/install/my_ur_demo_cpp/lib/python3.12/site-packages'
[11.933s] Level 1:colcon.colcon_core.environment:checking '/home/student2/my_ur_ws/src/my_ur_ROS2/install/my_ur_demo_cpp/bin'
[11.933s] INFO:colcon.colcon_core.shell:Creating package script '/home/student2/my_ur_ws/src/my_ur_ROS2/install/my_ur_demo_cpp/share/my_ur_demo_cpp/package.ps1'
[11.934s] INFO:colcon.colcon_core.shell:Creating package descriptor '/home/student2/my_ur_ws/src/my_ur_ROS2/install/my_ur_demo_cpp/share/my_ur_demo_cpp/package.dsv'
[11.934s] INFO:colcon.colcon_core.shell:Creating package script '/home/student2/my_ur_ws/src/my_ur_ROS2/install/my_ur_demo_cpp/share/my_ur_demo_cpp/package.sh'
[11.934s] INFO:colcon.colcon_core.shell:Creating package script '/home/student2/my_ur_ws/src/my_ur_ROS2/install/my_ur_demo_cpp/share/my_ur_demo_cpp/package.bash'
[11.935s] INFO:colcon.colcon_core.shell:Creating package script '/home/student2/my_ur_ws/src/my_ur_ROS2/install/my_ur_demo_cpp/share/my_ur_demo_cpp/package.zsh'
[11.935s] Level 1:colcon.colcon_core.environment:create_file_with_runtime_dependencies(/home/student2/my_ur_ws/src/my_ur_ROS2/install/my_ur_demo_cpp/share/colcon-core/packages/my_ur_demo_cpp)
[11.935s] Level 1:colcon.colcon_core.environment:create_environment_scripts_only(my_ur_demo_cpp)
[11.935s] Level 1:colcon.colcon_core.environment:checking '/home/student2/my_ur_ws/src/my_ur_ROS2/install/my_ur_demo_cpp' for CMake module files
[11.936s] Level 1:colcon.colcon_core.environment:checking '/home/student2/my_ur_ws/src/my_ur_ROS2/install/my_ur_demo_cpp' for CMake config files
[11.936s] Level 1:colcon.colcon_core.shell:create_environment_hook('my_ur_demo_cpp', 'cmake_prefix_path')
[11.936s] INFO:colcon.colcon_core.shell:Creating environment hook '/home/student2/my_ur_ws/src/my_ur_ROS2/install/my_ur_demo_cpp/share/my_ur_demo_cpp/hook/cmake_prefix_path.ps1'
[11.936s] INFO:colcon.colcon_core.shell:Creating environment descriptor '/home/student2/my_ur_ws/src/my_ur_ROS2/install/my_ur_demo_cpp/share/my_ur_demo_cpp/hook/cmake_prefix_path.dsv'
[11.936s] INFO:colcon.colcon_core.shell:Creating environment hook '/home/student2/my_ur_ws/src/my_ur_ROS2/install/my_ur_demo_cpp/share/my_ur_demo_cpp/hook/cmake_prefix_path.sh'
[11.937s] Level 1:colcon.colcon_core.environment:checking '/home/student2/my_ur_ws/src/my_ur_ROS2/install/my_ur_demo_cpp/lib'
[11.937s] Level 1:colcon.colcon_core.environment:checking '/home/student2/my_ur_ws/src/my_ur_ROS2/install/my_ur_demo_cpp/bin'
[11.937s] Level 1:colcon.colcon_core.environment:checking '/home/student2/my_ur_ws/src/my_ur_ROS2/install/my_ur_demo_cpp/lib/pkgconfig/my_ur_demo_cpp.pc'
[11.937s] Level 1:colcon.colcon_core.environment:checking '/home/student2/my_ur_ws/src/my_ur_ROS2/install/my_ur_demo_cpp/lib/python3.12/site-packages'
[11.937s] Level 1:colcon.colcon_core.environment:checking '/home/student2/my_ur_ws/src/my_ur_ROS2/install/my_ur_demo_cpp/bin'
[11.938s] INFO:colcon.colcon_core.shell:Creating package script '/home/student2/my_ur_ws/src/my_ur_ROS2/install/my_ur_demo_cpp/share/my_ur_demo_cpp/package.ps1'
[11.938s] INFO:colcon.colcon_core.shell:Creating package descriptor '/home/student2/my_ur_ws/src/my_ur_ROS2/install/my_ur_demo_cpp/share/my_ur_demo_cpp/package.dsv'
[11.938s] INFO:colcon.colcon_core.shell:Creating package script '/home/student2/my_ur_ws/src/my_ur_ROS2/install/my_ur_demo_cpp/share/my_ur_demo_cpp/package.sh'
[11.939s] INFO:colcon.colcon_core.shell:Creating package script '/home/student2/my_ur_ws/src/my_ur_ROS2/install/my_ur_demo_cpp/share/my_ur_demo_cpp/package.bash'
[11.939s] INFO:colcon.colcon_core.shell:Creating package script '/home/student2/my_ur_ws/src/my_ur_ROS2/install/my_ur_demo_cpp/share/my_ur_demo_cpp/package.zsh'
[11.939s] Level 1:colcon.colcon_core.environment:create_file_with_runtime_dependencies(/home/student2/my_ur_ws/src/my_ur_ROS2/install/my_ur_demo_cpp/share/colcon-core/packages/my_ur_demo_cpp)
[11.939s] DEBUG:colcon.colcon_parallel_executor.executor.parallel:closing loop
[11.940s] DEBUG:colcon.colcon_parallel_executor.executor.parallel:loop closed
[11.940s] DEBUG:colcon.colcon_parallel_executor.executor.parallel:run_until_complete finished with '0'
[11.940s] DEBUG:colcon.colcon_core.event_reactor:joining thread
[11.948s] INFO:colcon.colcon_core.plugin_system:Skipping extension 'colcon_notification.desktop_notification.terminal_notifier': Not used on non-Darwin systems
[11.948s] INFO:colcon.colcon_core.plugin_system:Skipping extension 'colcon_notification.desktop_notification.win32': Not used on non-Windows systems
[11.948s] INFO:colcon.colcon_notification.desktop_notification:Sending desktop notification using 'notify2'
[11.969s] DEBUG:colcon.colcon_core.event_reactor:joined thread
[11.969s] INFO:colcon.colcon_core.shell:Creating prefix script '/home/student2/my_ur_ws/src/my_ur_ROS2/install/local_setup.ps1'
[11.972s] INFO:colcon.colcon_core.shell:Creating prefix util module '/home/student2/my_ur_ws/src/my_ur_ROS2/install/_local_setup_util_ps1.py'
[11.973s] INFO:colcon.colcon_core.shell:Creating prefix chain script '/home/student2/my_ur_ws/src/my_ur_ROS2/install/setup.ps1'
[11.976s] INFO:colcon.colcon_core.shell:Creating prefix script '/home/student2/my_ur_ws/src/my_ur_ROS2/install/local_setup.sh'
[11.977s] INFO:colcon.colcon_core.shell:Creating prefix util module '/home/student2/my_ur_ws/src/my_ur_ROS2/install/_local_setup_util_sh.py'
[11.977s] INFO:colcon.colcon_core.shell:Creating prefix chain script '/home/student2/my_ur_ws/src/my_ur_ROS2/install/setup.sh'
[11.979s] INFO:colcon.colcon_core.shell:Creating prefix script '/home/student2/my_ur_ws/src/my_ur_ROS2/install/local_setup.bash'
[11.980s] INFO:colcon.colcon_core.shell:Creating prefix chain script '/home/student2/my_ur_ws/src/my_ur_ROS2/install/setup.bash'
[11.982s] INFO:colcon.colcon_core.shell:Creating prefix script '/home/student2/my_ur_ws/src/my_ur_ROS2/install/local_setup.zsh'
[11.982s] INFO:colcon.colcon_core.shell:Creating prefix chain script '/home/student2/my_ur_ws/src/my_ur_ROS2/install/setup.zsh'
