# OBJ generated by ONSHAPE BY PTC INC, 1.216 Units = meters
mtllib CameraHolderV3_MEDIUM.mtl
g Part 1
v -0.020945 0.0170871 0 
v -0.0209655 0.0174655 0 
v -0.0209655 0.0174655 0.002 
v -0.0208837 0.0167131 0 
v -0.020945 0.0170871 0.002 
v -0.0207823 0.016348 0 
v -0.0208837 0.0167131 0.002 
v -0.0206421 0.0159959 0 
v -0.0207823 0.016348 0.002 
v -0.0204645 0.0156611 0 
v -0.0206421 0.0159959 0.002 
v -0.0202519 0.0153474 0 
v -0.0204645 0.0156611 0.002 
v -0.0200065 0.0150586 0 
v -0.0202519 0.0153474 0.002 
v -0.0197314 0.014798 0 
v -0.0200065 0.0150586 0.002 
v -0.0194297 0.0145686 0 
v -0.0197314 0.014798 0.002 
v -0.019105 0.0143732 0 
v -0.0194297 0.0145686 0.002 
v -0.018761 0.0142141 0 
v -0.019105 0.0143732 0.002 
v -0.0184019 0.0140931 0 
v -0.018761 0.0142141 0.002 
v -0.0180318 0.0140116 0 
v -0.0184019 0.0140931 0.002 
v -0.017655 0.0139707 0 
v -0.0180318 0.0140116 0.002 
v -0.0172761 0.0139707 0 
v -0.017655 0.0139707 0.002 
v -0.0168993 0.0140116 0 
v -0.0172761 0.0139707 0.002 
v -0.0165292 0.0140931 0 
v -0.0168993 0.0140116 0.002 
v -0.0161701 0.0142141 0 
v -0.0165292 0.0140931 0.002 
v -0.0158261 0.0143732 0 
v -0.0161701 0.0142141 0.002 
v -0.0155014 0.0145686 0 
v -0.0158261 0.0143732 0.002 
v -0.0151997 0.014798 0 
v -0.0155014 0.0145686 0.002 
v -0.0149246 0.0150586 0 
v -0.0151997 0.014798 0.002 
v -0.0146792 0.0153474 0 
v -0.0149246 0.0150586 0.002 
v -0.0144665 0.0156611 0 
v -0.0146792 0.0153474 0.002 
v -0.014289 0.0159959 0 
v -0.0144665 0.0156611 0.002 
v -0.0141488 0.016348 0 
v -0.014289 0.0159959 0.002 
v -0.0140474 0.0167131 0 
v -0.0141488 0.016348 0.002 
v -0.0139861 0.0170871 0 
v -0.0140474 0.0167131 0.002 
v -0.0139655 0.0174655 0 
v -0.0139861 0.0170871 0.002 
v -0.0139861 0.017844 0 
v -0.0139655 0.0174655 0.002 
v -0.0140474 0.0182179 0 
v -0.0139861 0.017844 0.002 
v -0.0141488 0.0185831 0 
v -0.0140474 0.0182179 0.002 
v -0.014289 0.0189351 0 
v -0.0141488 0.0185831 0.002 
v -0.0144665 0.01927 0 
v -0.014289 0.0189351 0.002 
v -0.0146792 0.0195836 0 
v -0.0144665 0.01927 0.002 
v -0.0149246 0.0198725 0 
v -0.0146792 0.0195836 0.002 
v -0.0151997 0.0201331 0 
v -0.0149246 0.0198725 0.002 
v -0.0155014 0.0203624 0 
v -0.0151997 0.0201331 0.002 
v -0.0158261 0.0205578 0 
v -0.0155014 0.0203624 0.002 
v -0.0161701 0.020717 0 
v -0.0158261 0.0205578 0.002 
v -0.0165292 0.020838 0 
v -0.0161701 0.020717 0.002 
v -0.0168993 0.0209194 0 
v -0.0165292 0.020838 0.002 
v -0.0172761 0.0209604 0 
v -0.0168993 0.0209194 0.002 
v -0.017655 0.0209604 0 
v -0.0172761 0.0209604 0.002 
v -0.0180318 0.0209194 0 
v -0.017655 0.0209604 0.002 
v -0.0184019 0.020838 0 
v -0.0180318 0.0209194 0.002 
v -0.018761 0.020717 0 
v -0.0184019 0.020838 0.002 
v -0.019105 0.0205578 0 
v -0.018761 0.020717 0.002 
v -0.0194297 0.0203624 0 
v -0.019105 0.0205578 0.002 
v -0.0197314 0.0201331 0 
v -0.0194297 0.0203624 0.002 
v -0.0200065 0.0198725 0 
v -0.0197314 0.0201331 0.002 
v -0.0202519 0.0195836 0 
v -0.0200065 0.0198725 0.002 
v -0.0204645 0.01927 0 
v -0.0202519 0.0195836 0.002 
v -0.0206421 0.0189351 0 
v -0.0204645 0.01927 0.002 
v -0.0207823 0.0185831 0 
v -0.0206421 0.0189351 0.002 
v -0.0208837 0.0182179 0 
v -0.0207823 0.0185831 0.002 
v -0.020945 0.017844 0 
v -0.0208837 0.0182179 0.002 
v -0.020945 0.017844 0.002 
v -0.017655 -0.0139707 0.002 
v -0.0172761 -0.0139707 0.002 
v -0.0168993 -0.0140116 0.002 
v -0.0184019 -0.0140931 0.002 
v -0.0180318 -0.0140116 0.002 
v -0.0165292 -0.0140931 0.002 
v -0.0161701 -0.0142141 0.002 
v -0.0151997 -0.014798 0.002 
v -0.0149246 -0.0150586 0.002 
v -0.0158261 -0.0143732 0.002 
v -0.0155014 -0.0145686 0.002 
v -0.018761 -0.0142141 0.002 
v -0.0140474 -0.0167131 0.002 
v -0.0139861 -0.0170871 0.002 
v 0.0172761 -0.0139707 0.002 
v 0.0375 2.29621e-18 0.002 
v 0.017655 -0.0139707 0.002 
v 0.0180318 -0.0140116 0.002 
v -0.0141488 -0.016348 0.002 
v -0.0375 6.88864e-18 0.002 
v -0.019105 -0.0143732 0.002 
v -0.0197314 -0.014798 0.002 
v -0.0194297 -0.0145686 0.002 
v 0.0151997 -0.014798 0.002 
v 0.0155014 -0.0145686 0.002 
v -0.0200065 -0.0150586 0.002 
v 0.0184019 0.0140931 0.002 
v 0.0180318 0.0140116 0.002 
v 0.0165292 -0.0140931 0.002 
v 0.0168993 -0.0140116 0.002 
v 0.0158261 -0.0143732 0.002 
v 0.0146792 -0.0153474 0.002 
v 0.0149246 -0.0150586 0.002 
v 0.0204645 -0.0156611 0.002 
v 0.0206421 -0.0159959 0.002 
v 0.0366233 -0.00806139 0.002 
v 0.0200065 -0.0150586 0.002 
v 0.0202519 -0.0153474 0.002 
v 0.0372802 -0.00405446 0.002 
v 0.0184019 -0.0140931 0.002 
v -0.0146792 -0.0153474 0.002 
v -0.0144665 -0.0156611 0.002 
v 0.0172761 0.0139707 0.002 
v 0.018761 0.0142141 0.002 
v 0.0194297 0.0145686 0.002 
v 0.019105 0.0143732 0.002 
v 0.0161701 -0.0142141 0.002 
v 0.014289 -0.0159959 0.002 
v 0.0144665 -0.0156611 0.002 
v -0.0139655 -0.0174655 0.002 
v 0.0146792 -0.0195836 0.002 
v 0.0144665 -0.01927 0.002 
v 0.0197314 -0.014798 0.002 
v 0.019105 -0.0143732 0.002 
v 0.0194297 -0.0145686 0.002 
v 0.018761 -0.0142141 0.002 
v -0.014289 -0.0159959 0.002 
v 0.017655 0.0139707 0.002 
v 0.0141488 -0.016348 0.002 
v 0.0149246 -0.0198725 0.002 
v 0.0158261 -0.0205578 0.002 
v 0.0155014 -0.0203624 0.002 
v 0.0197314 0.014798 0.002 
v 0.0200065 0.0150586 0.002 
v 0.0372802 0.00405446 0.002 
v 0.0139861 -0.0170871 0.002 
v 0.0140474 -0.0167131 0.002 
v 0.0139655 -0.0174655 0.002 
v 0.014289 -0.0189351 0.002 
v 0.0151997 -0.0201331 0.002 
v 0.0202519 0.0153474 0.002 
v 0.0139861 -0.017844 0.002 
v 0.0141488 -0.0185831 0.002 
v 0.0140474 -0.0182179 0.002 
v -0.0298535 0.022694 0.002 
v -0.0321321 0.0193333 0.002 
v -0.0366233 0.00806139 0.002 
v 0.0168993 0.0140116 0.002 
v -0.0340341 0.0157458 0.002 
v -0.035537 0.0119738 0.002 
v -0.0372802 0.00405446 0.002 
v -0.0204645 -0.0156611 0.002 
v -0.0372802 -0.00405446 0.002 
v -0.0366233 -0.00806139 0.002 
v 0.0204645 0.0156611 0.002 
v 0.0366233 0.00806139 0.002 
v -0.0206421 -0.0159959 0.002 
v 0.0206421 0.0159959 0.002 
v 0.035537 0.0119738 0.002 
v 0.0208837 0.0167131 0.002 
v 0.0340341 0.0157458 0.002 
v -0.0202519 -0.0153474 0.002 
v 0.0207823 0.016348 0.002 
v 0.020945 0.0170871 0.002 
v -0.0144665 -0.01927 0.002 
v -0.0146792 -0.0195836 0.002 
v 0.00606682 -0.037006 0.002 
v -0.0141488 -0.0185831 0.002 
v 0.0210445 -0.0310383 0.002 
v 0.0172761 -0.0209604 0.002 
v -0.00203021 0.037445 0.002 
v -0.00606682 0.037006 0.002 
v 0.0208837 -0.0167131 0.002 
v 0.020945 -0.0170871 0.002 
v 0.0340341 -0.0157458 0.002 
v 0.0100323 -0.0361331 0.002 
v -0.014289 -0.0189351 0.002 
v 0.0138802 -0.0348366 0.002 
v 0.017655 -0.0209604 0.002 
v 0.00606682 0.037006 0.002 
v 0.00203021 0.037445 0.002 
v -0.0100323 0.0361331 0.002 
v -0.0138802 0.0348366 0.002 
v -0.0175653 0.0331317 0.002 
v 0.035537 -0.0119738 0.002 
v 0.0207823 -0.016348 0.002 
v -0.0272248 0.0257887 0.002 
v 0.0209655 0.0174655 0.002 
v -0.0208837 -0.0167131 0.002 
v -0.035537 -0.0119738 0.002 
v -0.0340341 -0.0157458 0.002 
v -0.024277 -0.0285811 0.002 
v -0.0210445 -0.0310383 0.002 
v -0.018761 -0.020717 0.002 
v -0.0180318 -0.0209194 0.002 
v -0.0184019 -0.020838 0.002 
v -0.0149246 -0.0198725 0.002 
v 0.00203021 -0.037445 0.002 
v 0.0175653 -0.0331317 0.002 
v -0.0139861 -0.017844 0.002 
v -0.0140474 -0.0182179 0.002 
v 0.0151997 0.0201331 0.002 
v 0.0155014 0.0203624 0.002 
v 0.0146792 0.0195836 0.002 
v 0.0149246 0.0198725 0.002 
v 0.014289 0.0189351 0.002 
v 0.0144665 0.01927 0.002 
v 0.0151997 0.014798 0.002 
v 0.0149246 0.0150586 0.002 
v 0.0158261 0.0143732 0.002 
v 0.0155014 0.0145686 0.002 
v 0.0165292 0.0140931 0.002 
v 0.0158261 0.0205578 0.002 
v -0.0210445 0.0310383 0.002 
v -0.020945 -0.0170871 0.002 
v -0.0209655 -0.0174655 0.002 
v -0.0321321 -0.0193333 0.002 
v -0.0298535 -0.022694 0.002 
v -0.0207823 -0.0185831 0.002 
v -0.0208837 -0.0182179 0.002 
v -0.017655 -0.0209604 0.002 
v 0.0180318 -0.0209194 0.002 
v 0.018761 -0.020717 0.002 
v 0.0184019 -0.020838 0.002 
v 0.0141488 0.0185831 0.002 
v 0.0146792 0.0153474 0.002 
v 0.0144665 0.0156611 0.002 
v 0.0161701 0.0142141 0.002 
v 0.0168993 -0.0209194 0.002 
v 0.0165292 -0.020838 0.002 
v -0.0207823 -0.016348 0.002 
v -0.020945 -0.017844 0.002 
v -0.0175653 -0.0331317 0.002 
v -0.0151997 -0.0201331 0.002 
v -0.00203021 -0.037445 0.002 
v 0.024277 -0.0285811 0.002 
v 0.019105 -0.0205578 0.002 
v 0.0197314 -0.0201331 0.002 
v 0.0194297 -0.0203624 0.002 
v 0.0298535 0.022694 0.002 
v 0.0207823 0.0185831 0.002 
v 0.0208837 0.0182179 0.002 
v 0.017655 0.0209604 0.002 
v 0.0180318 0.0209194 0.002 
v 0.0210445 0.0310383 0.002 
v 0.0139861 0.017844 0.002 
v 0.0140474 0.0182179 0.002 
v 0.0139655 0.0174655 0.002 
v 0.014289 0.0159959 0.002 
v -0.024277 0.0285811 0.002 
v 0.0161701 -0.020717 0.002 
v -0.0206421 -0.0189351 0.002 
v -0.0272248 -0.0257887 0.002 
v -0.0202519 -0.0195836 0.002 
v -0.0204645 -0.01927 0.002 
v -0.0172761 -0.0209604 0.002 
v -0.0168993 -0.0209194 0.002 
v -0.0161701 -0.020717 0.002 
v -0.0165292 -0.020838 0.002 
v -0.0138802 -0.0348366 0.002 
v -0.0155014 -0.0203624 0.002 
v -0.0158261 -0.0205578 0.002 
v -0.00606682 -0.037006 0.002 
v 0.0321321 0.0193333 0.002 
v 0.0272248 0.0257887 0.002 
v 0.0202519 0.0195836 0.002 
v 0.0204645 0.01927 0.002 
v 0.024277 0.0285811 0.002 
v 0.018761 0.020717 0.002 
v 0.0184019 0.020838 0.002 
v 0.0175653 0.0331317 0.002 
v 0.0172761 0.0209604 0.002 
v 0.0168993 0.0209194 0.002 
v 0.0161701 0.020717 0.002 
v 0.0165292 0.020838 0.002 
v 0.0138802 0.0348366 0.002 
v 0.0139861 0.0170871 0.002 
v 0.0141488 0.016348 0.002 
v 0.0140474 0.0167131 0.002 
v -0.0100323 -0.0361331 0.002 
v 0.0272248 -0.0257887 0.002 
v 0.0200065 -0.0198725 0.002 
v 0.0298535 -0.022694 0.002 
v 0.0204645 -0.01927 0.002 
v 0.0206421 0.0189351 0.002 
v 0.0100323 0.0361331 0.002 
v -0.0200065 -0.0198725 0.002 
v -0.0197314 -0.0201331 0.002 
v -0.019105 -0.0205578 0.002 
v -0.0194297 -0.0203624 0.002 
v 0.0202519 -0.0195836 0.002 
v 0.0206421 -0.0189351 0.002 
v 0.0321321 -0.0193333 0.002 
v 0.0208837 -0.0182179 0.002 
v 0.020945 0.017844 0.002 
v 0.0200065 0.0198725 0.002 
v 0.0197314 0.0201331 0.002 
v 0.019105 0.0205578 0.002 
v 0.0194297 0.0203624 0.002 
v 0.0207823 -0.0185831 0.002 
v 0.020945 -0.017844 0.002 
v 0.0209655 -0.0174655 0.002 
v -0.020945 -0.017844 0 
v -0.0209655 -0.0174655 0 
v -0.0208837 -0.0182179 0 
v -0.0207823 -0.0185831 0 
v -0.0206421 -0.0189351 0 
v -0.0204645 -0.01927 0 
v -0.0202519 -0.0195836 0 
v -0.0200065 -0.0198725 0 
v -0.0197314 -0.0201331 0 
v -0.0194297 -0.0203624 0 
v -0.019105 -0.0205578 0 
v -0.018761 -0.020717 0 
v -0.0184019 -0.020838 0 
v -0.0180318 -0.0209194 0 
v -0.017655 -0.0209604 0 
v -0.0172761 -0.0209604 0 
v -0.0168993 -0.0209194 0 
v -0.0165292 -0.020838 0 
v -0.0161701 -0.020717 0 
v -0.0158261 -0.0205578 0 
v -0.0155014 -0.0203624 0 
v -0.0151997 -0.0201331 0 
v -0.0149246 -0.0198725 0 
v -0.0146792 -0.0195836 0 
v -0.0144665 -0.01927 0 
v -0.014289 -0.0189351 0 
v -0.0141488 -0.0185831 0 
v -0.0140474 -0.0182179 0 
v -0.0139861 -0.017844 0 
v -0.0139655 -0.0174655 0 
v -0.0139861 -0.0170871 0 
v -0.0140474 -0.0167131 0 
v -0.0141488 -0.016348 0 
v -0.014289 -0.0159959 0 
v -0.0144665 -0.0156611 0 
v -0.0146792 -0.0153474 0 
v -0.0149246 -0.0150586 0 
v -0.0151997 -0.014798 0 
v -0.0155014 -0.0145686 0 
v -0.0158261 -0.0143732 0 
v -0.0161701 -0.0142141 0 
v -0.0165292 -0.0140931 0 
v -0.0168993 -0.0140116 0 
v -0.0172761 -0.0139707 0 
v -0.017655 -0.0139707 0 
v -0.0180318 -0.0140116 0 
v -0.0184019 -0.0140931 0 
v -0.018761 -0.0142141 0 
v -0.019105 -0.0143732 0 
v -0.0194297 -0.0145686 0 
v -0.0197314 -0.014798 0 
v -0.0200065 -0.0150586 0 
v -0.0202519 -0.0153474 0 
v -0.0204645 -0.0156611 0 
v -0.0206421 -0.0159959 0 
v -0.0207823 -0.016348 0 
v -0.0208837 -0.0167131 0 
v -0.020945 -0.0170871 0 
v 0.0139861 -0.017844 0 
v 0.0139655 -0.0174655 0 
v 0.0140474 -0.0182179 0 
v 0.0141488 -0.0185831 0 
v 0.014289 -0.0189351 0 
v 0.0144665 -0.01927 0 
v 0.0146792 -0.0195836 0 
v 0.0149246 -0.0198725 0 
v 0.0151997 -0.0201331 0 
v 0.0155014 -0.0203624 0 
v 0.0158261 -0.0205578 0 
v 0.0161701 -0.020717 0 
v 0.0165292 -0.020838 0 
v 0.0168993 -0.0209194 0 
v 0.0172761 -0.0209604 0 
v 0.017655 -0.0209604 0 
v 0.0180318 -0.0209194 0 
v 0.0184019 -0.020838 0 
v 0.018761 -0.020717 0 
v 0.019105 -0.0205578 0 
v 0.0194297 -0.0203624 0 
v 0.0197314 -0.0201331 0 
v 0.0200065 -0.0198725 0 
v 0.0202519 -0.0195836 0 
v 0.0204645 -0.01927 0 
v 0.0206421 -0.0189351 0 
v 0.0207823 -0.0185831 0 
v 0.0208837 -0.0182179 0 
v 0.020945 -0.017844 0 
v 0.0209655 -0.0174655 0 
v 0.020945 -0.0170871 0 
v 0.0208837 -0.0167131 0 
v 0.0207823 -0.016348 0 
v 0.0206421 -0.0159959 0 
v 0.0204645 -0.0156611 0 
v 0.0202519 -0.0153474 0 
v 0.0200065 -0.0150586 0 
v 0.0197314 -0.014798 0 
v 0.0194297 -0.0145686 0 
v 0.019105 -0.0143732 0 
v 0.018761 -0.0142141 0 
v 0.0184019 -0.0140931 0 
v 0.0180318 -0.0140116 0 
v 0.017655 -0.0139707 0 
v 0.0172761 -0.0139707 0 
v 0.0168993 -0.0140116 0 
v 0.0165292 -0.0140931 0 
v 0.0161701 -0.0142141 0 
v 0.0158261 -0.0143732 0 
v 0.0155014 -0.0145686 0 
v 0.0151997 -0.014798 0 
v 0.0149246 -0.0150586 0 
v 0.0146792 -0.0153474 0 
v 0.0144665 -0.0156611 0 
v 0.014289 -0.0159959 0 
v 0.0141488 -0.016348 0 
v 0.0140474 -0.0167131 0 
v 0.0139861 -0.0170871 0 
v 0.0139861 0.0170871 0 
v 0.0139655 0.0174655 0 
v 0.0140474 0.0167131 0 
v 0.0141488 0.016348 0 
v 0.014289 0.0159959 0 
v 0.0144665 0.0156611 0 
v 0.0146792 0.0153474 0 
v 0.0149246 0.0150586 0 
v 0.0151997 0.014798 0 
v 0.0155014 0.0145686 0 
v 0.0158261 0.0143732 0 
v 0.0161701 0.0142141 0 
v 0.0165292 0.0140931 0 
v 0.0168993 0.0140116 0 
v 0.0172761 0.0139707 0 
v 0.017655 0.0139707 0 
v 0.0180318 0.0140116 0 
v 0.0184019 0.0140931 0 
v 0.018761 0.0142141 0 
v 0.019105 0.0143732 0 
v 0.0194297 0.0145686 0 
v 0.0197314 0.014798 0 
v 0.0200065 0.0150586 0 
v 0.0202519 0.0153474 0 
v 0.0204645 0.0156611 0 
v 0.0206421 0.0159959 0 
v 0.0207823 0.016348 0 
v 0.0208837 0.0167131 0 
v 0.020945 0.0170871 0 
v 0.0209655 0.0174655 0 
v 0.020945 0.017844 0 
v 0.0208837 0.0182179 0 
v 0.0207823 0.0185831 0 
v 0.0206421 0.0189351 0 
v 0.0204645 0.01927 0 
v 0.0202519 0.0195836 0 
v 0.0200065 0.0198725 0 
v 0.0197314 0.0201331 0 
v 0.0194297 0.0203624 0 
v 0.019105 0.0205578 0 
v 0.018761 0.020717 0 
v 0.0184019 0.020838 0 
v 0.0180318 0.0209194 0 
v 0.017655 0.0209604 0 
v 0.0172761 0.0209604 0 
v 0.0168993 0.0209194 0 
v 0.0165292 0.020838 0 
v 0.0161701 0.020717 0 
v 0.0158261 0.0205578 0 
v 0.0155014 0.0203624 0 
v 0.0151997 0.0201331 0 
v 0.0149246 0.0198725 0 
v 0.0146792 0.0195836 0 
v 0.0144665 0.01927 0 
v 0.014289 0.0189351 0 
v 0.0141488 0.0185831 0 
v 0.0140474 0.0182179 0 
v 0.0139861 0.017844 0 
v -0.032 5.8783e-18 0 
v 0.032 -5.8783e-18 0 
v 0.0312519 0.00687905 0 
v 0.0318124 0.00345981 0 
v -0.0318124 -0.00345981 0 
v 0.0318124 -0.00345981 0 
v 0.0312519 -0.00687905 0 
v 0.0303249 -0.0102176 0 
v 0.0303249 0.0102176 0 
v 0.025475 0.0193656 0 
v 0.0274194 0.0164977 0 
v 0.0290424 0.0134365 0 
v -0.0303249 -0.0102176 0 
v -0.0318124 0.00345981 0 
v -0.0312519 0.00687905 0 
v -0.0303249 0.0102176 0 
v -0.0232319 0.0220064 0 
v -0.0312519 -0.00687905 0 
v -0.0290424 0.0134365 0 
v -0.0274194 0.0164977 0 
v -0.00517702 -0.0315784 0 
v -0.00856091 0.0308336 0 
v -0.00517702 0.0315784 0 
v -0.0274194 -0.0164977 0 
v 0.0232319 0.0220064 0 
v 0.0290424 -0.0134365 0 
v 0.0274194 -0.0164977 0 
v 0.0232319 -0.0220064 0 
v 0.0149891 -0.0282724 0 
v -0.00173245 -0.0319531 0 
v -0.00856091 -0.0308336 0 
v -0.017958 -0.026486 0 
v -0.0118444 0.0297273 0 
v -0.00173245 0.0319531 0 
v 0.00173245 0.0319531 0 
v 0.00517702 0.0315784 0 
v 0.00856091 0.0308336 0 
v 0.0118444 0.0297273 0 
v -0.0290424 -0.0134365 0 
v 0.025475 -0.0193656 0 
v 0.017958 -0.026486 0 
v 0.0118444 -0.0297273 0 
v 0.00856091 -0.0308336 0 
v 0.00173245 -0.0319531 0 
v -0.0118444 -0.0297273 0 
v -0.0149891 -0.0282724 0 
v -0.0207164 -0.0243892 0 
v -0.0207164 0.0243892 0 
v -0.017958 0.026486 0 
v -0.0149891 0.0282724 0 
v 0.0149891 0.0282724 0 
v 0.017958 0.026486 0 
v 0.0207164 -0.0243892 0 
v 0.00517702 -0.0315784 0 
v 0.0207164 0.0243892 0 
v -0.0232319 -0.0220064 0 
v -0.025475 -0.0193656 0 
v -0.025475 0.0193656 0 
v 0.032 1.95943e-18 -0.0058 
v 0.0318124 -0.00345981 -0.0058 
v 0.0312519 -0.00687905 -0.0058 
v 0.0303249 -0.0102176 -0.0058 
v 0.0290424 -0.0134365 -0.0058 
v 0.0274194 -0.0164977 -0.0058 
v 0.025475 -0.0193656 -0.0058 
v 0.0232319 -0.0220064 -0.0058 
v 0.0207164 -0.0243892 -0.0058 
v 0.017958 -0.026486 -0.0058 
v 0.0149891 -0.0282724 -0.0058 
v 0.0118444 -0.0297273 -0.0058 
v 0.00856091 -0.0308336 -0.0058 
v 0.00517702 -0.0315784 -0.0058 
v 0.00173245 -0.0319531 -0.0058 
v -0.00173245 -0.0319531 -0.0058 
v -0.00517702 -0.0315784 -0.0058 
v -0.00856091 -0.0308336 -0.0058 
v -0.0118444 -0.0297273 -0.0058 
v -0.0149891 -0.0282724 -0.0058 
v -0.017958 -0.026486 -0.0058 
v -0.0207164 -0.0243892 -0.0058 
v -0.0232319 -0.0220064 -0.0058 
v -0.025475 -0.0193656 -0.0058 
v -0.0274194 -0.0164977 -0.0058 
v -0.0290424 -0.0134365 -0.0058 
v -0.0303249 -0.0102176 -0.0058 
v -0.0312519 -0.00687905 -0.0058 
v -0.0318124 -0.00345981 -0.0058 
v -0.032 5.8783e-18 -0.0058 
v -0.0318124 0.00345981 -0.0058 
v -0.0312519 0.00687905 -0.0058 
v -0.0303249 0.0102176 -0.0058 
v -0.0290424 0.0134365 -0.0058 
v -0.0274194 0.0164977 -0.0058 
v -0.025475 0.0193656 -0.0058 
v -0.0232319 0.0220064 -0.0058 
v -0.0207164 0.0243892 -0.0058 
v -0.017958 0.026486 -0.0058 
v -0.0149891 0.0282724 -0.0058 
v -0.0118444 0.0297273 -0.0058 
v -0.00856091 0.0308336 -0.0058 
v -0.00517702 0.0315784 -0.0058 
v -0.00173245 0.0319531 -0.0058 
v 0.00173245 0.0319531 -0.0058 
v 0.00517702 0.0315784 -0.0058 
v 0.00856091 0.0308336 -0.0058 
v 0.0118444 0.0297273 -0.0058 
v 0.0149891 0.0282724 -0.0058 
v 0.017958 0.026486 -0.0058 
v 0.0207164 0.0243892 -0.0058 
v 0.0232319 0.0220064 -0.0058 
v 0.025475 0.0193656 -0.0058 
v 0.0274194 0.0164977 -0.0058 
v 0.0290424 0.0134365 -0.0058 
v 0.0303249 0.0102176 -0.0058 
v 0.0312519 0.00687905 -0.0058 
v 0.0318124 0.00345981 -0.0058 
v 0.0375 -6.88864e-18 -0.0058 
v 0.0372802 0.00405446 -0.0058 
v 0.0366233 0.00806139 -0.0058 
v 0.035537 0.0119738 -0.0058 
v 0.0340341 0.0157458 -0.0058 
v 0.0321321 0.0193333 -0.0058 
v 0.0298535 0.022694 -0.0058 
v 0.0272248 0.0257887 -0.0058 
v 0.024277 0.0285811 -0.0058 
v 0.0210445 0.0310383 -0.0058 
v 0.0175653 0.0331317 -0.0058 
v 0.0138802 0.0348366 -0.0058 
v 0.0100323 0.0361331 -0.0058 
v 0.00606682 0.037006 -0.0058 
v 0.00203021 0.037445 -0.0058 
v -0.00203021 0.037445 -0.0058 
v -0.00606682 0.037006 -0.0058 
v -0.0100323 0.0361331 -0.0058 
v -0.0138802 0.0348366 -0.0058 
v -0.0175653 0.0331317 -0.0058 
v -0.0210445 0.0310383 -0.0058 
v -0.024277 0.0285811 -0.0058 
v -0.0272248 0.0257887 -0.0058 
v -0.0298535 0.022694 -0.0058 
v -0.0321321 0.0193333 -0.0058 
v -0.0340341 0.0157458 -0.0058 
v -0.035537 0.0119738 -0.0058 
v -0.0366233 0.00806139 -0.0058 
v -0.0372802 0.00405446 -0.0058 
v -0.0375 6.88864e-18 -0.0058 
v -0.0372802 -0.00405446 -0.0058 
v -0.0366233 -0.00806139 -0.0058 
v -0.035537 -0.0119738 -0.0058 
v -0.0340341 -0.0157458 -0.0058 
v -0.0321321 -0.0193333 -0.0058 
v -0.0298535 -0.022694 -0.0058 
v -0.0272248 -0.0257887 -0.0058 
v -0.024277 -0.0285811 -0.0058 
v -0.0210445 -0.0310383 -0.0058 
v -0.0175653 -0.0331317 -0.0058 
v -0.0138802 -0.0348366 -0.0058 
v -0.0100323 -0.0361331 -0.0058 
v -0.00606682 -0.037006 -0.0058 
v -0.00203021 -0.037445 -0.0058 
v 0.00203021 -0.037445 -0.0058 
v 0.00606682 -0.037006 -0.0058 
v 0.0100323 -0.0361331 -0.0058 
v 0.0138802 -0.0348366 -0.0058 
v 0.0175653 -0.0331317 -0.0058 
v 0.0210445 -0.0310383 -0.0058 
v 0.024277 -0.0285811 -0.0058 
v 0.0272248 -0.0257887 -0.0058 
v 0.0298535 -0.022694 -0.0058 
v 0.0321321 -0.0193333 -0.0058 
v 0.0340341 -0.0157458 -0.0058 
v 0.035537 -0.0119738 -0.0058 
v 0.0366233 -0.00806139 -0.0058 
v 0.0372802 -0.00405446 -0.0058 
vn 0.994138 0.108119 0 
vn 1 2.44929e-16 0 
vn 0.976621 0.21497 0 
vn 0.994138 0.108119 0 
vn 0.947653 0.319302 0 
vn 0.976621 0.21497 0 
vn 0.907575 0.419889 0 
vn 0.947653 0.319302 0 
vn 0.856857 0.515554 0 
vn 0.907575 0.419889 0 
vn 0.796093 0.605174 0 
vn 0.856857 0.515554 0 
vn 0.725995 0.687699 0 
vn 0.796093 0.605174 0 
vn 0.647386 0.762162 0 
vn 0.725995 0.687699 0 
vn 0.561187 0.827689 0 
vn 0.647386 0.762162 0 
vn 0.468408 0.883512 0 
vn 0.561187 0.827689 0 
vn 0.370138 0.928977 0 
vn 0.468408 0.883512 0 
vn 0.267528 0.96355 0 
vn 0.370138 0.928977 0 
vn 0.161782 0.986827 0 
vn 0.267528 0.96355 0 
vn 0.0541389 0.998533 0 
vn 0.161782 0.986827 0 
vn -0.0541389 0.998533 0 
vn 0.0541389 0.998533 0 
vn -0.161782 0.986827 0 
vn -0.0541389 0.998533 0 
vn -0.267528 0.96355 0 
vn -0.161782 0.986827 0 
vn -0.370138 0.928977 0 
vn -0.267528 0.96355 0 
vn -0.468408 0.883512 0 
vn -0.370138 0.928977 0 
vn -0.561187 0.827689 0 
vn -0.468408 0.883512 0 
vn -0.647386 0.762162 0 
vn -0.561187 0.827689 0 
vn -0.725995 0.687699 0 
vn -0.647386 0.762162 0 
vn -0.796093 0.605174 0 
vn -0.725995 0.687699 0 
vn -0.856857 0.515554 0 
vn -0.796093 0.605174 0 
vn -0.907575 0.419889 0 
vn -0.856857 0.515554 0 
vn -0.947653 0.319302 0 
vn -0.907575 0.419889 0 
vn -0.976621 0.21497 0 
vn -0.947653 0.319302 0 
vn -0.994138 0.108119 0 
vn -0.976621 0.21497 0 
vn -1 -1.22465e-16 0 
vn -0.994138 0.108119 0 
vn -0.994138 -0.108119 0 
vn -1 -1.22465e-16 0 
vn -0.976621 -0.21497 0 
vn -0.994138 -0.108119 0 
vn -0.947653 -0.319302 0 
vn -0.976621 -0.21497 0 
vn -0.907575 -0.419889 0 
vn -0.947653 -0.319302 0 
vn -0.856857 -0.515554 0 
vn -0.907575 -0.419889 0 
vn -0.796093 -0.605174 0 
vn -0.856857 -0.515554 0 
vn -0.725995 -0.687699 0 
vn -0.796093 -0.605174 0 
vn -0.647386 -0.762162 0 
vn -0.725995 -0.687699 0 
vn -0.561187 -0.827689 0 
vn -0.647386 -0.762162 0 
vn -0.468408 -0.883512 0 
vn -0.561187 -0.827689 0 
vn -0.370138 -0.928977 0 
vn -0.468408 -0.883512 0 
vn -0.267528 -0.96355 0 
vn -0.370138 -0.928977 0 
vn -0.161782 -0.986827 0 
vn -0.267528 -0.96355 0 
vn -0.0541389 -0.998533 0 
vn -0.161782 -0.986827 0 
vn 0.0541389 -0.998533 0 
vn -0.0541389 -0.998533 0 
vn 0.161782 -0.986827 0 
vn 0.0541389 -0.998533 0 
vn 0.267528 -0.96355 0 
vn 0.161782 -0.986827 0 
vn 0.370138 -0.928977 0 
vn 0.267528 -0.96355 0 
vn 0.468408 -0.883512 0 
vn 0.370138 -0.928977 0 
vn 0.561187 -0.827689 0 
vn 0.468408 -0.883512 0 
vn 0.647386 -0.762162 0 
vn 0.561187 -0.827689 0 
vn 0.725995 -0.687699 0 
vn 0.647386 -0.762162 0 
vn 0.796093 -0.605174 0 
vn 0.725995 -0.687699 0 
vn 0.856857 -0.515554 0 
vn 0.796093 -0.605174 0 
vn 0.907575 -0.419889 0 
vn 0.856857 -0.515554 0 
vn 0.947653 -0.319302 0 
vn 0.907575 -0.419889 0 
vn 0.976621 -0.21497 0 
vn 0.947653 -0.319302 0 
vn 0.994138 -0.108119 0 
vn 0.976621 -0.21497 0 
vn 0 0 1 
vn 0.994138 0.108119 0 
vn 1 2.44929e-16 0 
vn 0.976621 0.21497 0 
vn 0.994138 0.108119 0 
vn 0.947653 0.319302 0 
vn 0.976621 0.21497 0 
vn 0.907575 0.419889 0 
vn 0.947653 0.319302 0 
vn 0.856857 0.515554 0 
vn 0.907575 0.419889 0 
vn 0.796093 0.605174 0 
vn 0.856857 0.515554 0 
vn 0.725995 0.687699 0 
vn 0.796093 0.605174 0 
vn 0.647386 0.762162 0 
vn 0.725995 0.687699 0 
vn 0.561187 0.827689 0 
vn 0.647386 0.762162 0 
vn 0.468408 0.883512 0 
vn 0.561187 0.827689 0 
vn 0.370138 0.928977 0 
vn 0.468408 0.883512 0 
vn 0.267528 0.96355 0 
vn 0.370138 0.928977 0 
vn 0.161782 0.986827 0 
vn 0.267528 0.96355 0 
vn 0.0541389 0.998533 0 
vn 0.161782 0.986827 0 
vn -0.0541389 0.998533 0 
vn 0.0541389 0.998533 0 
vn -0.161782 0.986827 0 
vn -0.0541389 0.998533 0 
vn -0.267528 0.96355 0 
vn -0.161782 0.986827 0 
vn -0.370138 0.928977 0 
vn -0.267528 0.96355 0 
vn -0.468408 0.883512 0 
vn -0.370138 0.928977 0 
vn -0.561187 0.827689 0 
vn -0.468408 0.883512 0 
vn -0.647386 0.762162 0 
vn -0.561187 0.827689 0 
vn -0.725995 0.687699 0 
vn -0.647386 0.762162 0 
vn -0.796093 0.605174 0 
vn -0.725995 0.687699 0 
vn -0.856857 0.515554 0 
vn -0.796093 0.605174 0 
vn -0.907575 0.419889 0 
vn -0.856857 0.515554 0 
vn -0.947653 0.319302 0 
vn -0.907575 0.419889 0 
vn -0.976621 0.21497 0 
vn -0.947653 0.319302 0 
vn -0.994138 0.108119 0 
vn -0.976621 0.21497 0 
vn -1 -1.22465e-16 0 
vn -0.994138 0.108119 0 
vn -0.994138 -0.108119 0 
vn -1 -1.22465e-16 0 
vn -0.976621 -0.21497 0 
vn -0.994138 -0.108119 0 
vn -0.947653 -0.319302 0 
vn -0.976621 -0.21497 0 
vn -0.907575 -0.419889 0 
vn -0.947653 -0.319302 0 
vn -0.856857 -0.515554 0 
vn -0.907575 -0.419889 0 
vn -0.796093 -0.605174 0 
vn -0.856857 -0.515554 0 
vn -0.725995 -0.687699 0 
vn -0.796093 -0.605174 0 
vn -0.647386 -0.762162 0 
vn -0.725995 -0.687699 0 
vn -0.561187 -0.827689 0 
vn -0.647386 -0.762162 0 
vn -0.468408 -0.883512 0 
vn -0.561187 -0.827689 0 
vn -0.370138 -0.928977 0 
vn -0.468408 -0.883512 0 
vn -0.267528 -0.96355 0 
vn -0.370138 -0.928977 0 
vn -0.161782 -0.986827 0 
vn -0.267528 -0.96355 0 
vn -0.0541389 -0.998533 0 
vn -0.161782 -0.986827 0 
vn 0.0541389 -0.998533 0 
vn -0.0541389 -0.998533 0 
vn 0.161782 -0.986827 0 
vn 0.0541389 -0.998533 0 
vn 0.267528 -0.96355 0 
vn 0.161782 -0.986827 0 
vn 0.370138 -0.928977 0 
vn 0.267528 -0.96355 0 
vn 0.468408 -0.883512 0 
vn 0.370138 -0.928977 0 
vn 0.561187 -0.827689 0 
vn 0.468408 -0.883512 0 
vn 0.647386 -0.762162 0 
vn 0.561187 -0.827689 0 
vn 0.725995 -0.687699 0 
vn 0.647386 -0.762162 0 
vn 0.796093 -0.605174 0 
vn 0.725995 -0.687699 0 
vn 0.856857 -0.515554 0 
vn 0.796093 -0.605174 0 
vn 0.907575 -0.419889 0 
vn 0.856857 -0.515554 0 
vn 0.947653 -0.319302 0 
vn 0.907575 -0.419889 0 
vn 0.976621 -0.21497 0 
vn 0.947653 -0.319302 0 
vn 0.994138 -0.108119 0 
vn 0.976621 -0.21497 0 
vn 0.994138 0.108119 0 
vn 1 2.44929e-16 0 
vn 0.976621 0.21497 0 
vn 0.994138 0.108119 0 
vn 0.947653 0.319302 0 
vn 0.976621 0.21497 0 
vn 0.907575 0.419889 0 
vn 0.947653 0.319302 0 
vn 0.856857 0.515554 0 
vn 0.907575 0.419889 0 
vn 0.796093 0.605174 0 
vn 0.856857 0.515554 0 
vn 0.725995 0.687699 0 
vn 0.796093 0.605174 0 
vn 0.647386 0.762162 0 
vn 0.725995 0.687699 0 
vn 0.561187 0.827689 0 
vn 0.647386 0.762162 0 
vn 0.468408 0.883512 0 
vn 0.561187 0.827689 0 
vn 0.370138 0.928977 0 
vn 0.468408 0.883512 0 
vn 0.267528 0.96355 0 
vn 0.370138 0.928977 0 
vn 0.161782 0.986827 0 
vn 0.267528 0.96355 0 
vn 0.0541389 0.998533 0 
vn 0.161782 0.986827 0 
vn -0.0541389 0.998533 0 
vn 0.0541389 0.998533 0 
vn -0.161782 0.986827 0 
vn -0.0541389 0.998533 0 
vn -0.267528 0.96355 0 
vn -0.161782 0.986827 0 
vn -0.370138 0.928977 0 
vn -0.267528 0.96355 0 
vn -0.468408 0.883512 0 
vn -0.370138 0.928977 0 
vn -0.561187 0.827689 0 
vn -0.468408 0.883512 0 
vn -0.647386 0.762162 0 
vn -0.561187 0.827689 0 
vn -0.725995 0.687699 0 
vn -0.647386 0.762162 0 
vn -0.796093 0.605174 0 
vn -0.725995 0.687699 0 
vn -0.856857 0.515554 0 
vn -0.796093 0.605174 0 
vn -0.907575 0.419889 0 
vn -0.856857 0.515554 0 
vn -0.947653 0.319302 0 
vn -0.907575 0.419889 0 
vn -0.976621 0.21497 0 
vn -0.947653 0.319302 0 
vn -0.994138 0.108119 0 
vn -0.976621 0.21497 0 
vn -1 -1.22465e-16 0 
vn -0.994138 0.108119 0 
vn -0.994138 -0.108119 0 
vn -1 -1.22465e-16 0 
vn -0.976621 -0.21497 0 
vn -0.994138 -0.108119 0 
vn -0.947653 -0.319302 0 
vn -0.976621 -0.21497 0 
vn -0.907575 -0.419889 0 
vn -0.947653 -0.319302 0 
vn -0.856857 -0.515554 0 
vn -0.907575 -0.419889 0 
vn -0.796093 -0.605174 0 
vn -0.856857 -0.515554 0 
vn -0.725995 -0.687699 0 
vn -0.796093 -0.605174 0 
vn -0.647386 -0.762162 0 
vn -0.725995 -0.687699 0 
vn -0.561187 -0.827689 0 
vn -0.647386 -0.762162 0 
vn -0.468408 -0.883512 0 
vn -0.561187 -0.827689 0 
vn -0.370138 -0.928977 0 
vn -0.468408 -0.883512 0 
vn -0.267528 -0.96355 0 
vn -0.370138 -0.928977 0 
vn -0.161782 -0.986827 0 
vn -0.267528 -0.96355 0 
vn -0.0541389 -0.998533 0 
vn -0.161782 -0.986827 0 
vn 0.0541389 -0.998533 0 
vn -0.0541389 -0.998533 0 
vn 0.161782 -0.986827 0 
vn 0.0541389 -0.998533 0 
vn 0.267528 -0.96355 0 
vn 0.161782 -0.986827 0 
vn 0.370138 -0.928977 0 
vn 0.267528 -0.96355 0 
vn 0.468408 -0.883512 0 
vn 0.370138 -0.928977 0 
vn 0.561187 -0.827689 0 
vn 0.468408 -0.883512 0 
vn 0.647386 -0.762162 0 
vn 0.561187 -0.827689 0 
vn 0.725995 -0.687699 0 
vn 0.647386 -0.762162 0 
vn 0.796093 -0.605174 0 
vn 0.725995 -0.687699 0 
vn 0.856857 -0.515554 0 
vn 0.796093 -0.605174 0 
vn 0.907575 -0.419889 0 
vn 0.856857 -0.515554 0 
vn 0.947653 -0.319302 0 
vn 0.907575 -0.419889 0 
vn 0.976621 -0.21497 0 
vn 0.947653 -0.319302 0 
vn 0.994138 -0.108119 0 
vn 0.976621 -0.21497 0 
vn 0.994138 0.108119 0 
vn 1 2.44929e-16 0 
vn 0.976621 0.21497 0 
vn 0.994138 0.108119 0 
vn 0.947653 0.319302 0 
vn 0.976621 0.21497 0 
vn 0.907575 0.419889 0 
vn 0.947653 0.319302 0 
vn 0.856857 0.515554 0 
vn 0.907575 0.419889 0 
vn 0.796093 0.605174 0 
vn 0.856857 0.515554 0 
vn 0.725995 0.687699 0 
vn 0.796093 0.605174 0 
vn 0.647386 0.762162 0 
vn 0.725995 0.687699 0 
vn 0.561187 0.827689 0 
vn 0.647386 0.762162 0 
vn 0.468408 0.883512 0 
vn 0.561187 0.827689 0 
vn 0.370138 0.928977 0 
vn 0.468408 0.883512 0 
vn 0.267528 0.96355 0 
vn 0.370138 0.928977 0 
vn 0.161782 0.986827 0 
vn 0.267528 0.96355 0 
vn 0.0541389 0.998533 0 
vn 0.161782 0.986827 0 
vn -0.0541389 0.998533 0 
vn 0.0541389 0.998533 0 
vn -0.161782 0.986827 0 
vn -0.0541389 0.998533 0 
vn -0.267528 0.96355 0 
vn -0.161782 0.986827 0 
vn -0.370138 0.928977 0 
vn -0.267528 0.96355 0 
vn -0.468408 0.883512 0 
vn -0.370138 0.928977 0 
vn -0.561187 0.827689 0 
vn -0.468408 0.883512 0 
vn -0.647386 0.762162 0 
vn -0.561187 0.827689 0 
vn -0.725995 0.687699 0 
vn -0.647386 0.762162 0 
vn -0.796093 0.605174 0 
vn -0.725995 0.687699 0 
vn -0.856857 0.515554 0 
vn -0.796093 0.605174 0 
vn -0.907575 0.419889 0 
vn -0.856857 0.515554 0 
vn -0.947653 0.319302 0 
vn -0.907575 0.419889 0 
vn -0.976621 0.21497 0 
vn -0.947653 0.319302 0 
vn -0.994138 0.108119 0 
vn -0.976621 0.21497 0 
vn -1 -1.22465e-16 0 
vn -0.994138 0.108119 0 
vn -0.994138 -0.108119 0 
vn -1 -1.22465e-16 0 
vn -0.976621 -0.21497 0 
vn -0.994138 -0.108119 0 
vn -0.947653 -0.319302 0 
vn -0.976621 -0.21497 0 
vn -0.907575 -0.419889 0 
vn -0.947653 -0.319302 0 
vn -0.856857 -0.515554 0 
vn -0.907575 -0.419889 0 
vn -0.796093 -0.605174 0 
vn -0.856857 -0.515554 0 
vn -0.725995 -0.687699 0 
vn -0.796093 -0.605174 0 
vn -0.647386 -0.762162 0 
vn -0.725995 -0.687699 0 
vn -0.561187 -0.827689 0 
vn -0.647386 -0.762162 0 
vn -0.468408 -0.883512 0 
vn -0.561187 -0.827689 0 
vn -0.370138 -0.928977 0 
vn -0.468408 -0.883512 0 
vn -0.267528 -0.96355 0 
vn -0.370138 -0.928977 0 
vn -0.161782 -0.986827 0 
vn -0.267528 -0.96355 0 
vn -0.0541389 -0.998533 0 
vn -0.161782 -0.986827 0 
vn 0.0541389 -0.998533 0 
vn -0.0541389 -0.998533 0 
vn 0.161782 -0.986827 0 
vn 0.0541389 -0.998533 0 
vn 0.267528 -0.96355 0 
vn 0.161782 -0.986827 0 
vn 0.370138 -0.928977 0 
vn 0.267528 -0.96355 0 
vn 0.468408 -0.883512 0 
vn 0.370138 -0.928977 0 
vn 0.561187 -0.827689 0 
vn 0.468408 -0.883512 0 
vn 0.647386 -0.762162 0 
vn 0.561187 -0.827689 0 
vn 0.725995 -0.687699 0 
vn 0.647386 -0.762162 0 
vn 0.796093 -0.605174 0 
vn 0.725995 -0.687699 0 
vn 0.856857 -0.515554 0 
vn 0.796093 -0.605174 0 
vn 0.907575 -0.419889 0 
vn 0.856857 -0.515554 0 
vn 0.947653 -0.319302 0 
vn 0.907575 -0.419889 0 
vn 0.976621 -0.21497 0 
vn 0.947653 -0.319302 0 
vn 0.994138 -0.108119 0 
vn 0.976621 -0.21497 0 
vn 0 0 -1 
vn -0.994138 0.108119 0 
vn -1 2.44929e-16 0 
vn -0.976621 0.21497 0 
vn -0.994138 0.108119 0 
vn -0.947653 0.319302 0 
vn -0.976621 0.21497 0 
vn -0.907575 0.419889 0 
vn -0.947653 0.319302 0 
vn -0.856857 0.515554 0 
vn -0.907575 0.419889 0 
vn -0.796093 0.605174 0 
vn -0.856857 0.515554 0 
vn -0.725995 0.687699 0 
vn -0.796093 0.605174 0 
vn -0.647386 0.762162 0 
vn -0.725995 0.687699 0 
vn -0.561187 0.827689 0 
vn -0.647386 0.762162 0 
vn -0.468408 0.883512 0 
vn -0.561187 0.827689 0 
vn -0.370138 0.928977 0 
vn -0.468408 0.883512 0 
vn -0.267528 0.96355 0 
vn -0.370138 0.928977 0 
vn -0.161782 0.986827 0 
vn -0.267528 0.96355 0 
vn -0.0541389 0.998533 0 
vn -0.161782 0.986827 0 
vn 0.0541389 0.998533 0 
vn -0.0541389 0.998533 0 
vn 0.161782 0.986827 0 
vn 0.0541389 0.998533 0 
vn 0.267528 0.96355 0 
vn 0.161782 0.986827 0 
vn 0.370138 0.928977 0 
vn 0.267528 0.96355 0 
vn 0.468408 0.883512 0 
vn 0.370138 0.928977 0 
vn 0.561187 0.827689 0 
vn 0.468408 0.883512 0 
vn 0.647386 0.762162 0 
vn 0.561187 0.827689 0 
vn 0.725995 0.687699 0 
vn 0.647386 0.762162 0 
vn 0.796093 0.605174 0 
vn 0.725995 0.687699 0 
vn 0.856857 0.515554 0 
vn 0.796093 0.605174 0 
vn 0.907575 0.419889 0 
vn 0.856857 0.515554 0 
vn 0.947653 0.319302 0 
vn 0.907575 0.419889 0 
vn 0.976621 0.21497 0 
vn 0.947653 0.319302 0 
vn 0.994138 0.108119 0 
vn 0.976621 0.21497 0 
vn 1 -1.22465e-16 0 
vn 0.994138 0.108119 0 
vn 0.994138 -0.108119 0 
vn 1 -1.22465e-16 0 
vn 0.976621 -0.21497 0 
vn 0.994138 -0.108119 0 
vn 0.947653 -0.319302 0 
vn 0.976621 -0.21497 0 
vn 0.907575 -0.419889 0 
vn 0.947653 -0.319302 0 
vn 0.856857 -0.515554 0 
vn 0.907575 -0.419889 0 
vn 0.796093 -0.605174 0 
vn 0.856857 -0.515554 0 
vn 0.725995 -0.687699 0 
vn 0.796093 -0.605174 0 
vn 0.647386 -0.762162 0 
vn 0.725995 -0.687699 0 
vn 0.561187 -0.827689 0 
vn 0.647386 -0.762162 0 
vn 0.468408 -0.883512 0 
vn 0.561187 -0.827689 0 
vn 0.370138 -0.928977 0 
vn 0.468408 -0.883512 0 
vn 0.267528 -0.96355 0 
vn 0.370138 -0.928977 0 
vn 0.161782 -0.986827 0 
vn 0.267528 -0.96355 0 
vn 0.0541389 -0.998533 0 
vn 0.161782 -0.986827 0 
vn -0.0541389 -0.998533 0 
vn 0.0541389 -0.998533 0 
vn -0.161782 -0.986827 0 
vn -0.0541389 -0.998533 0 
vn -0.267528 -0.96355 0 
vn -0.161782 -0.986827 0 
vn -0.370138 -0.928977 0 
vn -0.267528 -0.96355 0 
vn -0.468408 -0.883512 0 
vn -0.370138 -0.928977 0 
vn -0.561187 -0.827689 0 
vn -0.468408 -0.883512 0 
vn -0.647386 -0.762162 0 
vn -0.561187 -0.827689 0 
vn -0.725995 -0.687699 0 
vn -0.647386 -0.762162 0 
vn -0.796093 -0.605174 0 
vn -0.725995 -0.687699 0 
vn -0.856857 -0.515554 0 
vn -0.796093 -0.605174 0 
vn -0.907575 -0.419889 0 
vn -0.856857 -0.515554 0 
vn -0.947653 -0.319302 0 
vn -0.907575 -0.419889 0 
vn -0.976621 -0.21497 0 
vn -0.947653 -0.319302 0 
vn -0.994138 -0.108119 0 
vn -0.976621 -0.21497 0 
vn 1 0 0 
vn 0.994138 0.108119 0 
vn 0.976621 0.21497 0 
vn 0.947653 0.319302 0 
vn 0.907575 0.419889 0 
vn 0.856857 0.515554 0 
vn 0.796093 0.605174 0 
vn 0.725995 0.687699 0 
vn 0.647386 0.762162 0 
vn 0.561187 0.827689 0 
vn 0.468408 0.883512 0 
vn 0.370138 0.928977 0 
vn 0.267528 0.96355 0 
vn 0.161782 0.986827 0 
vn 0.0541389 0.998533 0 
vn -0.0541389 0.998533 0 
vn -0.161782 0.986827 0 
vn -0.267528 0.96355 0 
vn -0.370138 0.928977 0 
vn -0.468408 0.883512 0 
vn -0.561187 0.827689 0 
vn -0.647386 0.762162 0 
vn -0.725995 0.687699 0 
vn -0.796093 0.605174 0 
vn -0.856857 0.515554 0 
vn -0.907575 0.419889 0 
vn -0.947653 0.319302 0 
vn -0.976621 0.21497 0 
vn -0.994138 0.108119 0 
vn -1 1.22465e-16 0 
vn -0.994138 -0.108119 0 
vn -0.976621 -0.21497 0 
vn -0.947653 -0.319302 0 
vn -0.907575 -0.419889 0 
vn -0.856857 -0.515554 0 
vn -0.796093 -0.605174 0 
vn -0.725995 -0.687699 0 
vn -0.647386 -0.762162 0 
vn -0.561187 -0.827689 0 
vn -0.468408 -0.883512 0 
vn -0.370138 -0.928977 0 
vn -0.267528 -0.96355 0 
vn -0.161782 -0.986827 0 
vn -0.0541389 -0.998533 0 
vn 0.0541389 -0.998533 0 
vn 0.161782 -0.986827 0 
vn 0.267528 -0.96355 0 
vn 0.370138 -0.928977 0 
vn 0.468408 -0.883512 0 
vn 0.561187 -0.827689 0 
vn 0.647386 -0.762162 0 
vn 0.725995 -0.687699 0 
vn 0.796093 -0.605174 0 
vn 0.856857 -0.515554 0 
vn 0.907575 -0.419889 0 
vn 0.947653 -0.319302 0 
vn 0.976621 -0.21497 0 
vn 0.994138 -0.108119 0 
vn 0 0 -1 
usemtl 0.615686_0.811765_0.929412_0.000000_0.000000
o mesh0
f 1//1 2//2 3//2 
f 4//3 1//1 5//4 
f 6//5 4//3 7//6 
f 8//7 6//5 9//8 
f 10//9 8//7 11//10 
f 12//11 10//9 13//12 
f 14//13 12//11 15//14 
f 16//15 14//13 17//16 
f 18//17 16//15 19//18 
f 20//19 18//17 21//20 
f 22//21 20//19 23//22 
f 24//23 22//21 25//24 
f 26//25 24//23 27//26 
f 28//27 26//25 29//28 
f 30//29 28//27 31//30 
f 32//31 30//29 33//32 
f 34//33 32//31 35//34 
f 36//35 34//33 37//36 
f 38//37 36//35 39//38 
f 40//39 38//37 41//40 
f 42//41 40//39 43//42 
f 44//43 42//41 45//44 
f 46//45 44//43 47//46 
f 48//47 46//45 49//48 
f 50//49 48//47 51//50 
f 52//51 50//49 53//52 
f 54//53 52//51 55//54 
f 56//55 54//53 57//56 
f 58//57 56//55 59//58 
f 60//59 58//57 61//60 
f 62//61 60//59 63//62 
f 64//63 62//61 65//64 
f 66//65 64//63 67//66 
f 68//67 66//65 69//68 
f 70//69 68//67 71//70 
f 72//71 70//69 73//72 
f 74//73 72//71 75//74 
f 76//75 74//73 77//76 
f 78//77 76//75 79//78 
f 80//79 78//77 81//80 
f 82//81 80//79 83//82 
f 84//83 82//81 85//84 
f 86//85 84//83 87//86 
f 88//87 86//85 89//88 
f 90//89 88//87 91//90 
f 92//91 90//89 93//92 
f 94//93 92//91 95//94 
f 96//95 94//93 97//96 
f 98//97 96//95 99//98 
f 100//99 98//97 101//100 
f 102//101 100//99 103//102 
f 104//103 102//101 105//104 
f 106//105 104//103 107//106 
f 108//107 106//105 109//108 
f 110//109 108//107 111//110 
f 112//111 110//109 113//112 
f 114//113 112//111 115//114 
f 2//2 114//113 116//113 
f 116//113 3//2 2//2 
f 115//114 116//113 114//113 
f 113//112 115//114 112//111 
f 111//110 113//112 110//109 
f 109//108 111//110 108//107 
f 107//106 109//108 106//105 
f 105//104 107//106 104//103 
f 103//102 105//104 102//101 
f 101//100 103//102 100//99 
f 99//98 101//100 98//97 
f 97//96 99//98 96//95 
f 95//94 97//96 94//93 
f 93//92 95//94 92//91 
f 91//90 93//92 90//89 
f 89//88 91//90 88//87 
f 87//86 89//88 86//85 
f 85//84 87//86 84//83 
f 83//82 85//84 82//81 
f 81//80 83//82 80//79 
f 79//78 81//80 78//77 
f 77//76 79//78 76//75 
f 75//74 77//76 74//73 
f 73//72 75//74 72//71 
f 71//70 73//72 70//69 
f 69//68 71//70 68//67 
f 67//66 69//68 66//65 
f 65//64 67//66 64//63 
f 63//62 65//64 62//61 
f 61//60 63//62 60//59 
f 59//58 61//60 58//57 
f 57//56 59//58 56//55 
f 55//54 57//56 54//53 
f 53//52 55//54 52//51 
f 51//50 53//52 50//49 
f 49//48 51//50 48//47 
f 47//46 49//48 46//45 
f 45//44 47//46 44//43 
f 43//42 45//44 42//41 
f 41//40 43//42 40//39 
f 39//38 41//40 38//37 
f 37//36 39//38 36//35 
f 35//34 37//36 34//33 
f 33//32 35//34 32//31 
f 31//30 33//32 30//29 
f 29//28 31//30 28//27 
f 27//26 29//28 26//25 
f 25//24 27//26 24//23 
f 23//22 25//24 22//21 
f 21//20 23//22 20//19 
f 19//18 21//20 18//17 
f 17//16 19//18 16//15 
f 15//14 17//16 14//13 
f 13//12 15//14 12//11 
f 11//10 13//12 10//9 
f 9//8 11//10 8//7 
f 7//6 9//8 6//5 
f 5//4 7//6 4//3 
f 3//2 5//4 1//1 
o mesh1
f 117//115 31//115 29//115 
f 33//115 31//115 117//115 
f 33//115 118//115 119//115 
f 117//115 118//115 33//115 
f 29//115 27//115 117//115 
f 27//115 120//115 121//115 
f 121//115 117//115 27//115 
f 119//115 122//115 33//115 
f 27//115 25//115 120//115 
f 123//115 37//115 35//115 
f 43//115 124//115 125//115 
f 43//115 126//115 127//115 
f 25//115 128//115 120//115 
f 123//115 39//115 37//115 
f 123//115 43//115 41//115 
f 129//115 130//115 131//115 
f 127//115 124//115 43//115 
f 122//115 123//115 33//115 
f 41//115 39//115 123//115 
f 131//115 132//115 129//115 
f 43//115 123//115 126//115 
f 35//115 33//115 123//115 
f 132//115 133//115 134//115 
f 132//115 135//115 129//115 
f 25//115 23//115 128//115 
f 23//115 136//115 137//115 
f 136//115 138//115 139//115 
f 130//115 140//115 141//115 
f 131//115 133//115 132//115 
f 137//115 128//115 23//115 
f 136//115 142//115 138//115 
f 135//115 132//115 45//115 
f 132//115 143//115 144//115 
f 130//115 145//115 146//115 
f 141//115 147//115 130//115 
f 130//115 148//115 149//115 
f 150//115 151//115 152//115 
f 153//115 154//115 155//115 
f 134//115 156//115 132//115 
f 43//115 157//115 158//115 
f 136//115 23//115 21//115 
f 139//115 137//115 136//115 
f 132//115 47//115 45//115 
f 132//115 53//115 51//115 
f 57//115 132//115 159//115 
f 132//115 160//115 143//115 
f 132//115 161//115 162//115 
f 130//115 163//115 145//115 
f 149//115 140//115 130//115 
f 130//115 164//115 165//115 
f 166//115 167//115 168//115 
f 155//115 154//115 150//115 
f 132//115 169//115 153//115 
f 132//115 170//115 171//115 
f 156//115 172//115 132//115 
f 158//115 173//115 43//115 
f 125//115 157//115 43//115 
f 132//115 49//115 47//115 
f 132//115 55//115 53//115 
f 132//115 174//115 159//115 
f 162//115 160//115 132//115 
f 147//115 163//115 130//115 
f 130//115 175//115 164//115 
f 166//115 176//115 167//115 
f 166//115 177//115 178//115 
f 155//115 132//115 153//115 
f 172//115 170//115 132//115 
f 21//115 19//115 136//115 
f 51//115 49//115 132//115 
f 159//115 59//115 57//115 
f 132//115 179//115 161//115 
f 180//115 132//115 181//115 
f 165//115 148//115 130//115 
f 130//115 182//115 183//115 
f 130//115 166//115 184//115 
f 168//115 185//115 166//115 
f 178//115 186//115 166//115 
f 171//115 169//115 132//115 
f 45//115 43//115 135//115 
f 144//115 174//115 132//115 
f 181//115 187//115 180//115 
f 183//115 175//115 130//115 
f 166//115 188//115 184//115 
f 166//115 189//115 190//115 
f 186//115 176//115 166//115 
f 173//115 135//115 43//115 
f 180//115 179//115 132//115 
f 191//115 192//115 115//115 
f 13//115 11//115 193//115 
f 184//115 182//115 130//115 
f 185//115 189//115 166//115 
f 57//115 55//115 132//115 
f 59//115 159//115 194//115 
f 192//115 116//115 115//115 
f 3//115 116//115 192//115 
f 7//115 5//115 195//115 
f 11//115 9//115 196//115 
f 197//115 15//115 13//115 
f 17//115 15//115 197//115 
f 190//115 188//115 166//115 
f 194//115 61//115 59//115 
f 198//115 199//115 200//115 
f 201//115 181//115 202//115 
f 115//115 113//115 191//115 
f 195//115 5//115 3//115 
f 196//115 9//115 7//115 
f 193//115 197//115 13//115 
f 136//115 19//115 17//115 
f 152//115 155//115 150//115 
f 142//115 136//115 199//115 
f 200//115 203//115 198//115 
f 202//115 204//115 201//115 
f 204//115 202//115 205//115 
f 206//115 205//115 207//115 
f 192//115 195//115 3//115 
f 196//115 193//115 11//115 
f 146//115 131//115 130//115 
f 198//115 208//115 199//115 
f 205//115 209//115 204//115 
f 207//115 210//115 206//115 
f 211//115 212//115 213//115 
f 214//115 215//115 216//115 
f 79//115 217//115 218//115 
f 219//115 220//115 221//115 
f 195//115 196//115 7//115 
f 199//115 208//115 142//115 
f 206//115 209//115 205//115 
f 213//115 222//115 211//115 
f 223//115 211//115 224//115 
f 215//115 225//115 216//115 
f 226//115 73//115 71//115 
f 73//115 226//115 227//115 
f 218//115 81//115 79//115 
f 81//115 218//115 228//115 
f 87//115 229//115 230//115 
f 231//115 232//115 219//115 
f 151//115 232//115 231//115 
f 233//115 191//115 109//115 
f 197//115 136//115 17//115 
f 207//115 234//115 210//115 
f 235//115 236//115 237//115 
f 238//115 239//115 240//115 
f 239//115 241//115 242//115 
f 212//115 243//115 244//115 
f 224//115 245//115 223//115 
f 216//115 246//115 247//115 
f 63//115 248//115 249//115 
f 63//115 250//115 251//115 
f 63//115 252//115 253//115 
f 61//115 254//115 255//115 
f 61//115 256//115 257//115 
f 61//115 194//115 258//115 
f 259//115 226//115 69//115 
f 227//115 75//115 73//115 
f 75//115 227//115 217//115 
f 228//115 83//115 81//115 
f 83//115 228//115 229//115 
f 230//115 91//115 89//115 
f 91//115 230//115 260//115 
f 231//115 152//115 151//115 
f 191//115 111//115 109//115 
f 201//115 187//115 181//115 
f 203//115 200//115 236//115 
f 237//115 261//115 235//115 
f 262//115 237//115 263//115 
f 264//115 265//115 266//115 
f 242//115 240//115 239//115 
f 267//115 241//115 239//115 
f 222//115 224//115 211//115 
f 214//115 223//115 245//115 
f 215//115 268//115 225//115 
f 215//115 269//115 270//115 
f 251//115 248//115 63//115 
f 63//115 271//115 252//115 
f 61//115 272//115 273//115 
f 257//115 254//115 61//115 
f 258//115 274//115 61//115 
f 71//115 69//115 226//115 
f 79//115 77//115 217//115 
f 229//115 87//115 85//115 
f 260//115 93//115 91//115 
f 233//115 105//115 103//115 
f 221//115 231//115 219//115 
f 113//115 111//115 191//115 
f 166//115 275//115 276//115 
f 235//115 277//115 236//115 
f 263//115 278//115 262//115 
f 266//115 263//115 264//115 
f 239//115 279//115 267//115 
f 243//115 280//115 281//115 
f 245//115 215//115 214//115 
f 270//115 268//115 215//115 
f 282//115 283//115 269//115 
f 282//115 284//115 285//115 
f 286//115 287//115 288//115 
f 289//115 290//115 291//115 
f 253//115 250//115 63//115 
f 63//115 292//115 293//115 
f 63//115 61//115 294//115 
f 273//115 295//115 61//115 
f 274//115 256//115 61//115 
f 259//115 67//115 65//115 
f 217//115 77//115 75//115 
f 230//115 89//115 87//115 
f 260//115 97//115 95//115 
f 296//115 99//115 97//115 
f 233//115 107//115 105//115 
f 109//115 107//115 233//115 
f 276//115 297//115 166//115 
f 262//115 261//115 237//115 
f 264//115 298//115 265//115 
f 299//115 300//115 301//115 
f 279//115 302//115 267//115 
f 303//115 302//115 279//115 
f 304//115 305//115 306//115 
f 307//115 308//115 309//115 
f 281//115 244//115 243//115 
f 216//115 247//115 214//115 
f 285//115 283//115 282//115 
f 288//115 310//115 286//115 
f 311//115 312//115 313//115 
f 314//115 291//115 315//115 
f 291//115 290//115 316//115 
f 317//115 318//115 289//115 
f 319//115 318//115 317//115 
f 320//115 321//115 322//115 
f 293//115 271//115 63//115 
f 61//115 323//115 294//115 
f 61//115 324//115 325//115 
f 255//115 272//115 61//115 
f 69//115 67//115 259//115 
f 95//115 93//115 260//115 
f 296//115 101//115 99//115 
f 103//115 296//115 233//115 
f 297//115 177//115 166//115 
f 266//115 278//115 263//115 
f 301//115 264//115 299//115 
f 279//115 306//115 303//115 
f 306//115 326//115 304//115 
f 308//115 304//115 326//115 
f 280//115 307//115 281//115 
f 269//115 215//115 282//115 
f 246//115 216//115 275//115 
f 327//115 328//115 284//115 
f 327//115 329//115 330//115 
f 234//115 207//115 310//115 
f 286//115 331//115 287//115 
f 313//115 286//115 311//115 
f 316//115 315//115 291//115 
f 317//115 322//115 319//115 
f 322//115 332//115 320//115 
f 259//115 320//115 332//115 
f 294//115 292//115 63//115 
f 295//115 324//115 61//115 
f 229//115 85//115 83//115 
f 103//115 101//115 296//115 
f 236//115 277//115 203//115 
f 299//115 333//115 300//115 
f 299//115 238//115 334//115 
f 238//115 335//115 336//115 
f 305//115 303//115 306//115 
f 309//115 281//115 307//115 
f 275//115 166//115 246//115 
f 327//115 337//115 328//115 
f 329//115 338//115 330//115 
f 329//115 339//115 340//115 
f 288//115 341//115 310//115 
f 311//115 342//115 312//115 
f 311//115 314//115 343//115 
f 314//115 344//115 345//115 
f 291//115 317//115 289//115 
f 332//115 226//115 259//115 
f 325//115 323//115 61//115 
f 97//115 260//115 296//115 
f 301//115 298//115 264//115 
f 336//115 334//115 238//115 
f 326//115 309//115 308//115 
f 284//115 282//115 327//115 
f 329//115 346//115 338//115 
f 339//115 347//115 340//115 
f 313//115 331//115 286//115 
f 345//115 343//115 314//115 
f 321//115 319//115 322//115 
f 65//115 63//115 259//115 
f 334//115 333//115 299//115 
f 244//115 213//115 212//115 
f 340//115 346//115 329//115 
f 348//115 347//115 339//115 
f 343//115 342//115 311//115 
f 249//115 259//115 63//115 
f 240//115 335//115 238//115 
f 339//115 221//115 348//115 
f 315//115 344//115 314//115 
f 330//115 337//115 327//115 
f 220//115 348//115 221//115 
f 310//115 341//115 234//115 
o mesh2
f 349//116 350//117 262//117 
f 351//118 349//116 278//119 
f 352//120 351//118 266//121 
f 353//122 352//120 265//123 
f 354//124 353//122 298//125 
f 355//126 354//124 301//127 
f 356//128 355//126 300//129 
f 357//130 356//128 333//131 
f 358//132 357//130 334//133 
f 359//134 358//132 336//135 
f 360//136 359//134 335//137 
f 361//138 360//136 240//139 
f 362//140 361//138 242//141 
f 363//142 362//140 241//143 
f 364//144 363//142 267//145 
f 365//146 364//144 302//147 
f 366//148 365//146 303//149 
f 367//150 366//148 305//151 
f 368//152 367//150 304//153 
f 369//154 368//152 308//155 
f 370//156 369//154 307//157 
f 371//158 370//156 280//159 
f 372//160 371//158 243//161 
f 373//162 372//160 212//163 
f 374//164 373//162 211//165 
f 375//166 374//164 223//167 
f 376//168 375//166 214//169 
f 377//170 376//168 247//171 
f 378//172 377//170 246//173 
f 379//174 378//172 166//175 
f 380//176 379//174 130//177 
f 381//178 380//176 129//179 
f 382//180 381//178 135//181 
f 383//182 382//180 173//183 
f 384//184 383//182 158//185 
f 385//186 384//184 157//187 
f 386//188 385//186 125//189 
f 387//190 386//188 124//191 
f 388//192 387//190 127//193 
f 389//194 388//192 126//195 
f 390//196 389//194 123//197 
f 391//198 390//196 122//199 
f 392//200 391//198 119//201 
f 393//202 392//200 118//203 
f 394//204 393//202 117//205 
f 395//206 394//204 121//207 
f 396//208 395//206 120//209 
f 397//210 396//208 128//211 
f 398//212 397//210 137//213 
f 399//214 398//212 139//215 
f 400//216 399//214 138//217 
f 401//218 400//216 142//219 
f 402//220 401//218 208//221 
f 403//222 402//220 198//223 
f 404//224 403//222 203//225 
f 405//226 404//224 277//227 
f 406//228 405//226 235//229 
f 350//117 406//228 261//228 
f 261//228 262//117 350//117 
f 235//229 261//228 406//228 
f 277//227 235//229 405//226 
f 203//225 277//227 404//224 
f 198//223 203//225 403//222 
f 208//221 198//223 402//220 
f 142//219 208//221 401//218 
f 138//217 142//219 400//216 
f 139//215 138//217 399//214 
f 137//213 139//215 398//212 
f 128//211 137//213 397//210 
f 120//209 128//211 396//208 
f 121//207 120//209 395//206 
f 117//205 121//207 394//204 
f 118//203 117//205 393//202 
f 119//201 118//203 392//200 
f 122//199 119//201 391//198 
f 123//197 122//199 390//196 
f 126//195 123//197 389//194 
f 127//193 126//195 388//192 
f 124//191 127//193 387//190 
f 125//189 124//191 386//188 
f 157//187 125//189 385//186 
f 158//185 157//187 384//184 
f 173//183 158//185 383//182 
f 135//181 173//183 382//180 
f 129//179 135//181 381//178 
f 130//177 129//179 380//176 
f 166//175 130//177 379//174 
f 246//173 166//175 378//172 
f 247//171 246//173 377//170 
f 214//169 247//171 376//168 
f 223//167 214//169 375//166 
f 211//165 223//167 374//164 
f 212//163 211//165 373//162 
f 243//161 212//163 372//160 
f 280//159 243//161 371//158 
f 307//157 280//159 370//156 
f 308//155 307//157 369//154 
f 304//153 308//155 368//152 
f 305//151 304//153 367//150 
f 303//149 305//151 366//148 
f 302//147 303//149 365//146 
f 267//145 302//147 364//144 
f 241//143 267//145 363//142 
f 242//141 241//143 362//140 
f 240//139 242//141 361//138 
f 335//137 240//139 360//136 
f 336//135 335//137 359//134 
f 334//133 336//135 358//132 
f 333//131 334//133 357//130 
f 300//129 333//131 356//128 
f 301//127 300//129 355//126 
f 298//125 301//127 354//124 
f 265//123 298//125 353//122 
f 266//121 265//123 352//120 
f 278//119 266//121 351//118 
f 262//117 278//119 349//116 
o mesh3
f 407//230 408//231 184//231 
f 409//232 407//230 188//233 
f 410//234 409//232 190//235 
f 411//236 410//234 189//237 
f 412//238 411//236 185//239 
f 413//240 412//238 168//241 
f 414//242 413//240 167//243 
f 415//244 414//242 176//245 
f 416//246 415//244 186//247 
f 417//248 416//246 178//249 
f 418//250 417//248 177//251 
f 419//252 418//250 297//253 
f 420//254 419//252 276//255 
f 421//256 420//254 275//257 
f 422//258 421//256 216//259 
f 423//260 422//258 225//261 
f 424//262 423//260 268//263 
f 425//264 424//262 270//265 
f 426//266 425//264 269//267 
f 427//268 426//266 283//269 
f 428//270 427//268 285//271 
f 429//272 428//270 284//273 
f 430//274 429//272 328//275 
f 431//276 430//274 337//277 
f 432//278 431//276 330//279 
f 433//280 432//278 338//281 
f 434//282 433//280 346//283 
f 435//284 434//282 340//285 
f 436//286 435//284 347//287 
f 437//288 436//286 348//289 
f 438//290 437//288 220//291 
f 439//292 438//290 219//293 
f 440//294 439//292 232//295 
f 441//296 440//294 151//297 
f 442//298 441//296 150//299 
f 443//300 442//298 154//301 
f 444//302 443//300 153//303 
f 445//304 444//302 169//305 
f 446//306 445//304 171//307 
f 447//308 446//306 170//309 
f 448//310 447//308 172//311 
f 449//312 448//310 156//313 
f 450//314 449//312 134//315 
f 451//316 450//314 133//317 
f 452//318 451//316 131//319 
f 453//320 452//318 146//321 
f 454//322 453//320 145//323 
f 455//324 454//322 163//325 
f 456//326 455//324 147//327 
f 457//328 456//326 141//329 
f 458//330 457//328 140//331 
f 459//332 458//330 149//333 
f 460//334 459//332 148//335 
f 461//336 460//334 165//337 
f 462//338 461//336 164//339 
f 463//340 462//338 175//341 
f 464//342 463//340 183//343 
f 408//231 464//342 182//342 
f 182//342 184//231 408//231 
f 183//343 182//342 464//342 
f 175//341 183//343 463//340 
f 164//339 175//341 462//338 
f 165//337 164//339 461//336 
f 148//335 165//337 460//334 
f 149//333 148//335 459//332 
f 140//331 149//333 458//330 
f 141//329 140//331 457//328 
f 147//327 141//329 456//326 
f 163//325 147//327 455//324 
f 145//323 163//325 454//322 
f 146//321 145//323 453//320 
f 131//319 146//321 452//318 
f 133//317 131//319 451//316 
f 134//315 133//317 450//314 
f 156//313 134//315 449//312 
f 172//311 156//313 448//310 
f 170//309 172//311 447//308 
f 171//307 170//309 446//306 
f 169//305 171//307 445//304 
f 153//303 169//305 444//302 
f 154//301 153//303 443//300 
f 150//299 154//301 442//298 
f 151//297 150//299 441//296 
f 232//295 151//297 440//294 
f 219//293 232//295 439//292 
f 220//291 219//293 438//290 
f 348//289 220//291 437//288 
f 347//287 348//289 436//286 
f 340//285 347//287 435//284 
f 346//283 340//285 434//282 
f 338//281 346//283 433//280 
f 330//279 338//281 432//278 
f 337//277 330//279 431//276 
f 328//275 337//277 430//274 
f 284//273 328//275 429//272 
f 285//271 284//273 428//270 
f 283//269 285//271 427//268 
f 269//267 283//269 426//266 
f 270//265 269//267 425//264 
f 268//263 270//265 424//262 
f 225//261 268//263 423//260 
f 216//259 225//261 422//258 
f 275//257 216//259 421//256 
f 276//255 275//257 420//254 
f 297//253 276//255 419//252 
f 177//251 297//253 418//250 
f 178//249 177//251 417//248 
f 186//247 178//249 416//246 
f 176//245 186//247 415//244 
f 167//243 176//245 414//242 
f 168//241 167//243 413//240 
f 185//239 168//241 412//238 
f 189//237 185//239 411//236 
f 190//235 189//237 410//234 
f 188//233 190//235 409//232 
f 184//231 188//233 407//230 
o mesh4
f 465//344 466//345 294//345 
f 467//346 465//344 323//347 
f 468//348 467//346 325//349 
f 469//350 468//348 324//351 
f 470//352 469//350 295//353 
f 471//354 470//352 273//355 
f 472//356 471//354 272//357 
f 473//358 472//356 255//359 
f 474//360 473//358 254//361 
f 475//362 474//360 257//363 
f 476//364 475//362 256//365 
f 477//366 476//364 274//367 
f 478//368 477//366 258//369 
f 479//370 478//368 194//371 
f 480//372 479//370 159//373 
f 481//374 480//372 174//375 
f 482//376 481//374 144//377 
f 483//378 482//376 143//379 
f 484//380 483//378 160//381 
f 485//382 484//380 162//383 
f 486//384 485//382 161//385 
f 487//386 486//384 179//387 
f 488//388 487//386 180//389 
f 489//390 488//388 187//391 
f 490//392 489//390 201//393 
f 491//394 490//392 204//395 
f 492//396 491//394 209//397 
f 493//398 492//396 206//399 
f 494//400 493//398 210//401 
f 495//402 494//400 234//403 
f 496//404 495//402 341//405 
f 497//406 496//404 288//407 
f 498//408 497//406 287//409 
f 499//410 498//408 331//411 
f 500//412 499//410 313//413 
f 501//414 500//412 312//415 
f 502//416 501//414 342//417 
f 503//418 502//416 343//419 
f 504//420 503//418 345//421 
f 505//422 504//420 344//423 
f 506//424 505//422 315//425 
f 507//426 506//424 316//427 
f 508//428 507//426 290//429 
f 509//430 508//428 289//431 
f 510//432 509//430 318//433 
f 511//434 510//432 319//435 
f 512//436 511//434 321//437 
f 513//438 512//436 320//439 
f 514//440 513//438 259//441 
f 515//442 514//440 249//443 
f 516//444 515//442 248//445 
f 517//446 516//444 251//447 
f 518//448 517//446 250//449 
f 519//450 518//448 253//451 
f 520//452 519//450 252//453 
f 521//454 520//452 271//455 
f 522//456 521//454 293//457 
f 466//345 522//456 292//456 
f 292//456 294//345 466//345 
f 293//457 292//456 522//456 
f 271//455 293//457 521//454 
f 252//453 271//455 520//452 
f 253//451 252//453 519//450 
f 250//449 253//451 518//448 
f 251//447 250//449 517//446 
f 248//445 251//447 516//444 
f 249//443 248//445 515//442 
f 259//441 249//443 514//440 
f 320//439 259//441 513//438 
f 321//437 320//439 512//436 
f 319//435 321//437 511//434 
f 318//433 319//435 510//432 
f 289//431 318//433 509//430 
f 290//429 289//431 508//428 
f 316//427 290//429 507//426 
f 315//425 316//427 506//424 
f 344//423 315//425 505//422 
f 345//421 344//423 504//420 
f 343//419 345//421 503//418 
f 342//417 343//419 502//416 
f 312//415 342//417 501//414 
f 313//413 312//415 500//412 
f 331//411 313//413 499//410 
f 287//409 331//411 498//408 
f 288//407 287//409 497//406 
f 341//405 288//407 496//404 
f 234//403 341//405 495//402 
f 210//401 234//403 494//400 
f 206//399 210//401 493//398 
f 209//397 206//399 492//396 
f 204//395 209//397 491//394 
f 201//393 204//395 490//392 
f 187//391 201//393 489//390 
f 180//389 187//391 488//388 
f 179//387 180//389 487//386 
f 161//385 179//387 486//384 
f 162//383 161//385 485//382 
f 160//381 162//383 484//380 
f 143//379 160//381 483//378 
f 144//377 143//379 482//376 
f 174//375 144//377 481//374 
f 159//373 174//375 480//372 
f 194//371 159//373 479//370 
f 258//369 194//371 478//368 
f 274//367 258//369 477//366 
f 256//365 274//367 476//364 
f 257//363 256//365 475//362 
f 254//361 257//363 474//360 
f 255//359 254//361 473//358 
f 272//357 255//359 472//356 
f 273//355 272//357 471//354 
f 295//353 273//355 470//352 
f 324//351 295//353 469//350 
f 325//349 324//351 468//348 
f 323//347 325//349 467//346 
f 294//345 323//347 465//344 
o mesh5
f 471//458 393//458 394//458 
f 471//458 392//458 393//458 
f 471//458 390//458 391//458 
f 472//458 473//458 385//458 
f 391//458 392//458 471//458 
f 471//458 386//458 387//458 
f 473//458 384//458 385//458 
f 384//458 484//458 485//458 
f 384//458 482//458 483//458 
f 384//458 477//458 478//458 
f 394//458 395//458 471//458 
f 384//458 473//458 474//458 
f 387//458 388//458 471//458 
f 386//458 471//458 472//458 
f 483//458 484//458 384//458 
f 384//458 480//458 481//458 
f 478//458 479//458 384//458 
f 471//458 389//458 390//458 
f 474//458 475//458 384//458 
f 385//458 386//458 472//458 
f 383//458 384//458 486//458 
f 468//458 523//458 30//458 
f 381//458 524//458 451//458 
f 481//458 482//458 384//458 
f 384//458 476//458 477//458 
f 395//458 396//458 471//458 
f 388//458 389//458 471//458 
f 486//458 525//458 383//458 
f 523//458 28//458 30//458 
f 524//458 450//458 451//458 
f 479//458 480//458 384//458 
f 475//458 476//458 384//458 
f 486//458 487//458 525//458 
f 382//458 526//458 524//458 
f 399//458 527//458 470//458 
f 30//458 465//458 467//458 
f 523//458 24//458 26//458 
f 451//458 379//458 380//458 
f 524//458 448//458 449//458 
f 471//458 397//458 398//458 
f 396//458 397//458 471//458 
f 525//458 382//458 383//458 
f 382//458 525//458 526//458 
f 470//458 471//458 399//458 
f 26//458 28//458 523//458 
f 449//458 450//458 524//458 
f 485//458 486//458 384//458 
f 524//458 381//458 382//458 
f 527//458 469//458 470//458 
f 469//458 527//458 523//458 
f 523//458 22//458 24//458 
f 524//458 447//458 448//458 
f 444//458 524//458 528//458 
f 443//458 528//458 529//458 
f 442//458 529//458 530//458 
f 487//458 488//458 525//458 
f 523//458 468//458 469//458 
f 523//458 20//458 22//458 
f 523//458 16//458 18//458 
f 524//458 446//458 447//458 
f 524//458 444//458 445//458 
f 529//458 442//458 443//458 
f 530//458 440//458 441//458 
f 399//458 400//458 527//458 
f 18//458 20//458 523//458 
f 445//458 446//458 524//458 
f 530//458 441//458 442//458 
f 452//458 372//458 373//458 
f 30//458 467//458 468//458 
f 528//458 443//458 444//458 
f 379//458 451//458 452//458 
f 452//458 371//458 372//458 
f 451//458 380//458 381//458 
f 452//458 377//458 378//458 
f 452//458 375//458 376//458 
f 373//458 374//458 452//458 
f 488//458 489//458 531//458 
f 452//458 378//458 379//458 
f 374//458 375//458 452//458 
f 532//458 495//458 496//458 
f 494//458 495//458 532//458 
f 492//458 493//458 533//458 
f 490//458 491//458 534//458 
f 531//458 525//458 488//458 
f 401//458 402//458 535//458 
f 376//458 377//458 452//458 
f 465//458 30//458 32//458 
f 16//458 523//458 536//458 
f 14//458 536//458 537//458 
f 12//458 537//458 538//458 
f 539//458 84//458 86//458 
f 522//458 74//458 76//458 
f 522//458 66//458 68//458 
f 496//458 497//458 532//458 
f 533//458 493//458 494//458 
f 534//458 491//458 492//458 
f 489//458 490//458 531//458 
f 535//458 540//458 401//458 
f 400//458 401//458 540//458 
f 32//458 466//458 465//458 
f 537//458 12//458 14//458 
f 538//458 8//458 10//458 
f 8//458 538//458 541//458 
f 4//458 541//458 542//458 
f 539//458 100//458 102//458 
f 539//458 90//458 92//458 
f 86//458 88//458 539//458 
f 522//458 82//458 84//458 
f 76//458 78//458 522//458 
f 68//458 70//458 522//458 
f 466//458 46//458 48//458 
f 532//458 533//458 494//458 
f 534//458 531//458 490//458 
f 540//458 527//458 400//458 
f 536//458 14//458 16//458 
f 541//458 6//458 8//458 
f 542//458 1//458 4//458 
f 411//458 412//458 543//458 
f 539//458 98//458 100//458 
f 539//458 94//458 96//458 
f 88//458 90//458 539//458 
f 522//458 80//458 82//458 
f 522//458 72//458 74//458 
f 522//458 64//458 66//458 
f 48//458 50//458 466//458 
f 466//458 34//458 36//458 
f 519//458 544//458 545//458 
f 405//458 406//458 546//458 
f 547//458 532//458 498//458 
f 533//458 534//458 492//458 
f 398//458 399//458 471//458 
f 4//458 6//458 541//458 
f 438//458 548//458 549//458 
f 550//458 431//458 432//458 
f 418//458 419//458 551//458 
f 412//458 413//458 552//458 
f 543//458 553//458 411//458 
f 409//458 554//458 364//458 
f 96//458 98//458 539//458 
f 84//458 539//458 522//458 
f 70//458 72//458 522//458 
f 522//458 60//458 62//458 
f 466//458 44//458 46//458 
f 466//458 40//458 42//458 
f 466//458 32//458 34//458 
f 519//458 555//458 544//458 
f 518//458 545//458 556//458 
f 517//458 556//458 557//458 
f 516//458 557//458 558//458 
f 515//458 558//458 559//458 
f 514//458 559//458 560//458 
f 561//458 404//458 405//458 
f 403//458 404//458 561//458 
f 498//458 499//458 547//458 
f 402//458 403//458 535//458 
f 542//458 2//458 1//458 
f 440//458 530//458 548//458 
f 549//458 437//458 438//458 
f 436//458 549//458 562//458 
f 550//458 430//458 431//458 
f 371//458 457//458 458//458 
f 371//458 455//458 456//458 
f 371//458 452//458 453//458 
f 563//458 423//458 424//458 
f 420//458 421//458 563//458 
f 551//458 564//458 418//458 
f 416//458 417//458 564//458 
f 415//458 416//458 565//458 
f 413//458 414//458 566//458 
f 553//458 567//458 411//458 
f 409//458 410//458 568//458 
f 554//458 363//458 364//458 
f 554//458 569//458 361//458 
f 92//458 94//458 539//458 
f 62//458 64//458 522//458 
f 60//458 522//458 466//458 
f 42//458 44//458 466//458 
f 36//458 38//458 466//458 
f 522//458 570//458 571//458 
f 520//458 572//458 555//458 
f 556//458 517//458 518//458 
f 558//458 515//458 516//458 
f 560//458 513//458 514//458 
f 512//458 560//458 573//458 
f 510//458 573//458 574//458 
f 561//458 535//458 403//458 
f 499//458 500//458 547//458 
f 538//458 10//458 12//458 
f 438//458 439//458 548//458 
f 562//458 435//458 436//458 
f 562//458 433//458 434//458 
f 432//458 562//458 550//458 
f 371//458 459//458 460//458 
f 456//458 457//458 371//458 
f 453//458 454//458 371//458 
f 575//458 427//458 428//458 
f 424//458 575//458 563//458 
f 563//458 551//458 420//458 
f 564//458 417//458 418//458 
f 565//458 576//458 415//458 
f 414//458 415//458 576//458 
f 552//458 543//458 412//458 
f 410//458 411//458 567//458 
f 364//458 407//458 409//458 
f 569//458 360//458 361//458 
f 78//458 80//458 522//458 
f 466//458 56//458 58//458 
f 466//458 52//458 54//458 
f 38//458 40//458 466//458 
f 522//458 539//458 570//458 
f 521//458 571//458 572//458 
f 545//458 518//458 519//458 
f 559//458 514//458 515//458 
f 573//458 510//458 511//458 
f 574//458 508//458 509//458 
f 574//458 577//458 506//458 
f 577//458 547//458 502//458 
f 546//458 561//458 405//458 
f 497//458 498//458 532//458 
f 436//458 437//458 549//458 
f 432//458 433//458 562//458 
f 464//458 369//458 370//458 
f 464//458 367//458 368//458 
f 408//458 365//458 366//458 
f 460//458 461//458 371//458 
f 454//458 455//458 371//458 
f 575//458 426//458 427//458 
f 563//458 422//458 423//458 
f 419//458 420//458 551//458 
f 576//458 566//458 414//458 
f 567//458 568//458 410//458 
f 554//458 362//458 363//458 
f 569//458 359//458 360//458 
f 578//458 579//458 353//458 
f 579//458 349//458 351//458 
f 466//458 58//458 60//458 
f 50//458 52//458 466//458 
f 572//458 520//458 521//458 
f 557//458 516//458 517//458 
f 573//458 511//458 512//458 
f 574//458 507//458 508//458 
f 577//458 505//458 506//458 
f 502//458 503//458 577//458 
f 500//458 501//458 547//458 
f 434//458 435//458 562//458 
f 368//458 369//458 464//458 
f 366//458 464//458 408//458 
f 371//458 462//458 463//458 
f 458//458 459//458 371//458 
f 575//458 425//458 426//458 
f 421//458 422//458 563//458 
f 566//458 552//458 413//458 
f 361//458 362//458 554//458 
f 569//458 578//458 357//458 
f 353//458 354//458 578//458 
f 351//458 352//458 579//458 
f 350//458 349//458 579//458 
f 54//458 56//458 466//458 
f 555//458 519//458 520//458 
f 574//458 509//458 510//458 
f 577//458 504//458 505//458 
f 547//458 501//458 502//458 
f 548//458 439//458 440//458 
f 366//458 367//458 464//458 
f 461//458 462//458 371//458 
f 550//458 428//458 429//458 
f 424//458 425//458 575//458 
f 568//458 554//458 409//458 
f 407//458 364//458 365//458 
f 357//458 358//458 569//458 
f 354//458 355//458 578//458 
f 579//458 546//458 350//458 
f 580//458 110//458 112//458 
f 571//458 521//458 522//458 
f 506//458 507//458 574//458 
f 406//458 350//458 546//458 
f 463//458 464//458 371//458 
f 428//458 550//458 575//458 
f 365//458 408//458 407//458 
f 578//458 356//458 357//458 
f 352//458 353//458 579//458 
f 2//458 542//458 580//458 
f 580//458 108//458 110//458 
f 539//458 106//458 108//458 
f 512//458 513//458 560//458 
f 370//458 371//458 464//458 
f 564//458 565//458 416//458 
f 355//458 356//458 578//458 
f 112//458 114//458 580//458 
f 539//458 104//458 106//458 
f 503//458 504//458 577//458 
f 358//458 359//458 569//458 
f 108//458 580//458 539//458 
f 429//458 430//458 550//458 
f 102//458 104//458 539//458 
f 580//458 114//458 2//458 
o mesh6
f 528//459 524//460 581//460 
f 529//461 528//459 582//462 
f 530//463 529//461 583//464 
f 548//465 530//463 584//466 
f 549//467 548//465 585//468 
f 562//469 549//467 586//470 
f 550//471 562//469 587//472 
f 575//473 550//471 588//474 
f 563//475 575//473 589//476 
f 551//477 563//475 590//478 
f 564//479 551//477 591//480 
f 565//481 564//479 592//482 
f 576//483 565//481 593//484 
f 566//485 576//483 594//486 
f 552//487 566//485 595//488 
f 543//489 552//487 596//490 
f 553//491 543//489 597//492 
f 567//493 553//491 598//494 
f 568//495 567//493 599//496 
f 554//497 568//495 600//498 
f 569//499 554//497 601//500 
f 578//501 569//499 602//502 
f 579//503 578//501 603//504 
f 546//505 579//503 604//506 
f 561//507 546//505 605//508 
f 535//509 561//507 606//510 
f 540//511 535//509 607//512 
f 527//513 540//511 608//514 
f 523//515 527//513 609//516 
f 536//517 523//515 610//518 
f 537//519 536//517 611//520 
f 538//521 537//519 612//522 
f 541//523 538//521 613//524 
f 542//525 541//523 614//526 
f 580//527 542//525 615//528 
f 539//529 580//527 616//530 
f 570//531 539//529 617//532 
f 571//533 570//531 618//534 
f 572//535 571//533 619//536 
f 555//537 572//535 620//538 
f 544//539 555//537 621//540 
f 545//541 544//539 622//542 
f 556//543 545//541 623//544 
f 557//545 556//543 624//546 
f 558//547 557//545 625//548 
f 559//549 558//547 626//550 
f 560//551 559//549 627//552 
f 573//553 560//551 628//554 
f 574//555 573//553 629//556 
f 577//557 574//555 630//558 
f 547//559 577//557 631//560 
f 532//561 547//559 632//562 
f 533//563 532//561 633//564 
f 534//565 533//563 634//566 
f 531//567 534//565 635//568 
f 525//569 531//567 636//570 
f 526//571 525//569 637//572 
f 524//460 526//571 638//571 
f 638//571 581//460 524//460 
f 637//572 638//571 526//571 
f 636//570 637//572 525//569 
f 635//568 636//570 531//567 
f 634//566 635//568 534//565 
f 633//564 634//566 533//563 
f 632//562 633//564 532//561 
f 631//560 632//562 547//559 
f 630//558 631//560 577//557 
f 629//556 630//558 574//555 
f 628//554 629//556 573//553 
f 627//552 628//554 560//551 
f 626//550 627//552 559//549 
f 625//548 626//550 558//547 
f 624//546 625//548 557//545 
f 623//544 624//546 556//543 
f 622//542 623//544 545//541 
f 621//540 622//542 544//539 
f 620//538 621//540 555//537 
f 619//536 620//538 572//535 
f 618//534 619//536 571//533 
f 617//532 618//534 570//531 
f 616//530 617//532 539//529 
f 615//528 616//530 580//527 
f 614//526 615//528 542//525 
f 613//524 614//526 541//523 
f 612//522 613//524 538//521 
f 611//520 612//522 537//519 
f 610//518 611//520 536//517 
f 609//516 610//518 523//515 
f 608//514 609//516 527//513 
f 607//512 608//514 540//511 
f 606//510 607//512 535//509 
f 605//508 606//510 561//507 
f 604//506 605//508 546//505 
f 603//504 604//506 579//503 
f 602//502 603//504 578//501 
f 601//500 602//502 569//499 
f 600//498 601//500 554//497 
f 599//496 600//498 568//495 
f 598//494 599//496 567//493 
f 597//492 598//494 553//491 
f 596//490 597//492 543//489 
f 595//488 596//490 552//487 
f 594//486 595//488 566//485 
f 593//484 594//486 576//483 
f 592//482 593//484 565//481 
f 591//480 592//482 564//479 
f 590//478 591//480 551//477 
f 589//476 590//478 563//475 
f 588//474 589//476 575//473 
f 587//472 588//474 550//471 
f 586//470 587//472 562//469 
f 585//468 586//470 549//467 
f 584//466 585//468 548//465 
f 583//464 584//466 530//463 
f 582//462 583//464 529//461 
f 581//460 582//462 528//459 
o mesh7
f 132//573 639//573 640//574 
f 181//574 640//574 641//575 
f 202//575 641//575 642//576 
f 205//576 642//576 643//577 
f 207//577 643//577 644//578 
f 310//578 644//578 645//579 
f 286//579 645//579 646//580 
f 311//580 646//580 647//581 
f 314//581 647//581 648//582 
f 291//582 648//582 649//583 
f 317//583 649//583 650//584 
f 322//584 650//584 651//585 
f 332//585 651//585 652//586 
f 226//586 652//586 653//587 
f 227//587 653//587 654//588 
f 217//588 654//588 655//589 
f 218//589 655//589 656//590 
f 228//590 656//590 657//591 
f 229//591 657//591 658//592 
f 230//592 658//592 659//593 
f 260//593 659//593 660//594 
f 296//594 660//594 661//595 
f 233//595 661//595 662//596 
f 191//596 662//596 663//597 
f 192//597 663//597 664//598 
f 195//598 664//598 665//599 
f 196//599 665//599 666//600 
f 193//600 666//600 667//601 
f 197//601 667//601 668//602 
f 136//602 668//602 669//603 
f 199//603 669//603 670//604 
f 200//604 670//604 671//605 
f 236//605 671//605 672//606 
f 237//606 672//606 673//607 
f 263//607 673//607 674//608 
f 264//608 674//608 675//609 
f 299//609 675//609 676//610 
f 238//610 676//610 677//611 
f 239//611 677//611 678//612 
f 279//612 678//612 679//613 
f 306//613 679//613 680//614 
f 326//614 680//614 681//615 
f 309//615 681//615 682//616 
f 281//616 682//616 683//617 
f 244//617 683//617 684//618 
f 213//618 684//618 685//619 
f 222//619 685//619 686//620 
f 224//620 686//620 687//621 
f 245//621 687//621 688//622 
f 215//622 688//622 689//623 
f 282//623 689//623 690//624 
f 327//624 690//624 691//625 
f 329//625 691//625 692//626 
f 339//626 692//626 693//627 
f 221//627 693//627 694//628 
f 231//628 694//628 695//629 
f 152//629 695//629 696//630 
f 155//630 696//630 639//573 
f 639//573 132//573 155//630 
f 696//630 155//630 152//629 
f 695//629 152//629 231//628 
f 694//628 231//628 221//627 
f 693//627 221//627 339//626 
f 692//626 339//626 329//625 
f 691//625 329//625 327//624 
f 690//624 327//624 282//623 
f 689//623 282//623 215//622 
f 688//622 215//622 245//621 
f 687//621 245//621 224//620 
f 686//620 224//620 222//619 
f 685//619 222//619 213//618 
f 684//618 213//618 244//617 
f 683//617 244//617 281//616 
f 682//616 281//616 309//615 
f 681//615 309//615 326//614 
f 680//614 326//614 306//613 
f 679//613 306//613 279//612 
f 678//612 279//612 239//611 
f 677//611 239//611 238//610 
f 676//610 238//610 299//609 
f 675//609 299//609 264//608 
f 674//608 264//608 263//607 
f 673//607 263//607 237//606 
f 672//606 237//606 236//605 
f 671//605 236//605 200//604 
f 670//604 200//604 199//603 
f 669//603 199//603 136//602 
f 668//602 136//602 197//601 
f 667//601 197//601 193//600 
f 666//600 193//600 196//599 
f 665//599 196//599 195//598 
f 664//598 195//598 192//597 
f 663//597 192//597 191//596 
f 662//596 191//596 233//595 
f 661//595 233//595 296//594 
f 660//594 296//594 260//593 
f 659//593 260//593 230//592 
f 658//592 230//592 229//591 
f 657//591 229//591 228//590 
f 656//590 228//590 218//589 
f 655//589 218//589 217//588 
f 654//588 217//588 227//587 
f 653//587 227//587 226//586 
f 652//586 226//586 332//585 
f 651//585 332//585 322//584 
f 650//584 322//584 317//583 
f 649//583 317//583 291//582 
f 648//582 291//582 314//581 
f 647//581 314//581 311//580 
f 646//580 311//580 286//579 
f 645//579 286//579 310//578 
f 644//578 310//578 207//577 
f 643//577 207//577 205//576 
f 642//576 205//576 202//575 
f 641//575 202//575 181//574 
f 640//574 181//574 132//573 
o mesh8
f 665//631 613//631 612//631 
f 665//631 664//631 614//631 
f 647//631 631//631 630//631 
f 647//631 646//631 632//631 
f 614//631 613//631 665//631 
f 664//631 663//631 615//631 
f 662//631 616//631 615//631 
f 661//631 617//631 616//631 
f 632//631 631//631 647//631 
f 646//631 645//631 633//631 
f 615//631 614//631 664//631 
f 616//631 662//631 661//631 
f 660//631 618//631 617//631 
f 660//631 659//631 619//631 
f 654//631 624//631 623//631 
f 654//631 653//631 625//631 
f 633//631 632//631 646//631 
f 645//631 644//631 634//631 
f 696//631 582//631 581//631 
f 696//631 695//631 583//631 
f 615//631 663//631 662//631 
f 619//631 618//631 660//631 
f 658//631 620//631 619//631 
f 658//631 657//631 621//631 
f 625//631 624//631 654//631 
f 653//631 652//631 626//631 
f 650//631 628//631 627//631 
f 650//631 649//631 629//631 
f 634//631 633//631 645//631 
f 643//631 635//631 634//631 
f 642//631 636//631 635//631 
f 642//631 641//631 637//631 
f 639//631 581//631 638//631 
f 583//631 582//631 696//631 
f 694//631 584//631 583//631 
f 694//631 693//631 585//631 
f 678//631 600//631 599//631 
f 678//631 677//631 601//631 
f 676//631 602//631 601//631 
f 676//631 675//631 603//631 
f 674//631 673//631 605//631 
f 673//631 672//631 606//631 
f 668//631 667//631 611//631 
f 667//631 666//631 612//631 
f 617//631 661//631 660//631 
f 621//631 620//631 658//631 
f 626//631 625//631 653//631 
f 652//631 651//631 627//631 
f 629//631 628//631 650//631 
f 649//631 648//631 630//631 
f 634//631 644//631 643//631 
f 637//631 636//631 642//631 
f 640//631 638//631 637//631 
f 581//631 639//631 696//631 
f 585//631 584//631 694//631 
f 693//631 692//631 586//631 
f 690//631 588//631 587//631 
f 689//631 589//631 588//631 
f 687//631 591//631 590//631 
f 686//631 592//631 591//631 
f 686//631 685//631 593//631 
f 685//631 684//631 594//631 
f 683//631 682//631 596//631 
f 682//631 681//631 597//631 
f 601//631 600//631 678//631 
f 603//631 602//631 676//631 
f 674//631 604//631 603//631 
f 606//631 605//631 673//631 
f 612//631 611//631 667//631 
f 619//631 659//631 658//631 
f 656//631 622//631 621//631 
f 655//631 623//631 622//631 
f 627//631 626//631 652//631 
f 630//631 629//631 649//631 
f 635//631 643//631 642//631 
f 638//631 640//631 639//631 
f 586//631 585//631 693//631 
f 692//631 691//631 587//631 
f 588//631 690//631 689//631 
f 689//631 688//631 590//631 
f 591//631 687//631 686//631 
f 594//631 593//631 685//631 
f 683//631 595//631 594//631 
f 597//631 596//631 682//631 
f 601//631 677//631 676//631 
f 605//631 604//631 674//631 
f 671//631 607//631 606//631 
f 671//631 670//631 608//631 
f 612//631 666//631 665//631 
f 622//631 656//631 655//631 
f 627//631 651//631 650//631 
f 637//631 641//631 640//631 
f 587//631 586//631 692//631 
f 590//631 589//631 689//631 
f 593//631 592//631 686//631 
f 596//631 595//631 683//631 
f 603//631 675//631 674//631 
f 608//631 607//631 671//631 
f 669//631 609//631 608//631 
f 669//631 668//631 610//631 
f 621//631 657//631 656//631 
f 630//631 648//631 647//631 
f 587//631 691//631 690//631 
f 594//631 684//631 683//631 
f 680//631 598//631 597//631 
f 680//631 679//631 599//631 
f 606//631 672//631 671//631 
f 610//631 609//631 669//631 
f 623//631 655//631 654//631 
f 590//631 688//631 687//631 
f 599//631 598//631 680//631 
f 608//631 670//631 669//631 
f 583//631 695//631 694//631 
f 599//631 679//631 678//631 
f 597//631 681//631 680//631 
f 611//631 610//631 668//631 
g Part 2
v 0.014127 0.0614194 0.00428488 
v 0.0143 0.0614101 0.00428325 
v 0.0143 0.0622784 -0.000640787 
v 0.013956 0.061447 0.00428975 
v 0.014127 0.0622876 -0.000639159 
v 0.0137891 0.0614926 0.0042978 
v 0.013956 0.0623152 -0.000634292 
v 0.0136282 0.0615558 0.00430893 
v 0.0137891 0.0623608 -0.000626243 
v 0.0134751 0.0616357 0.00432302 
v 0.0136282 0.062424 -0.000615108 
v 0.0133317 0.0617314 0.0043399 
v 0.0134751 0.0625039 -0.000601017 
v 0.0131997 0.0618419 0.00435938 
v 0.0133317 0.0625997 -0.000584134 
v 0.0130805 0.0619657 0.00438122 
v 0.0131997 0.0627101 -0.000564659 
v 0.0129757 0.0621016 0.00440517 
v 0.0130805 0.062834 -0.000542818 
v 0.0128864 0.0622477 0.00443095 
v 0.0129757 0.0629698 -0.000518869 
v 0.0128136 0.0624026 0.00445825 
v 0.0128864 0.063116 -0.000493091 
v 0.0127583 0.0625643 0.00448676 
v 0.0128136 0.0632708 -0.000465788 
v 0.0127211 0.0627309 0.00451614 
v 0.0127583 0.0634325 -0.000437279 
v 0.0127023 0.0629005 0.00454605 
v 0.0127211 0.0635991 -0.000407899 
v 0.0127023 0.0630711 0.00457613 
v 0.0127023 0.0637688 -0.000377992 
v 0.0127211 0.0632407 0.00460604 
v 0.0127023 0.0639394 -0.000347908 
v 0.0127583 0.0634074 0.00463542 
v 0.0127211 0.064109 -0.000318001 
v 0.0128136 0.063569 0.00466393 
v 0.0127583 0.0642756 -0.000288621 
v 0.0128864 0.0637239 0.00469123 
v 0.0128136 0.0644373 -0.000260112 
v 0.0129757 0.0638701 0.00471701 
v 0.0128864 0.0645921 -0.000232809 
v 0.0130805 0.0640059 0.00474096 
v 0.0129757 0.0647383 -0.000207032 
v 0.0131997 0.0641298 0.0047628 
v 0.0130805 0.0648741 -0.000183082 
v 0.0133317 0.0642402 0.00478227 
v 0.0131997 0.064998 -0.000161242 
v 0.0134751 0.064336 0.00479916 
v 0.0133317 0.0651085 -0.000141766 
v 0.0136282 0.0644159 0.00481325 
v 0.0134751 0.0652042 -0.000124883 
v 0.0137891 0.064479 0.00482438 
v 0.0136282 0.0652841 -0.000110792 
v 0.013956 0.0645247 0.00483243 
v 0.0137891 0.0653473 -9.9657e-05 
v 0.014127 0.0645523 0.0048373 
v 0.013956 0.0653929 -9.16088e-05 
v 0.0143 0.0645615 0.00483893 
v 0.014127 0.0654205 -8.67418e-05 
v 0.014473 0.0645523 0.0048373 
v 0.0143 0.0654297 -8.51131e-05 
v 0.014644 0.0645247 0.00483243 
v 0.014473 0.0654205 -8.67418e-05 
v 0.0148109 0.064479 0.00482438 
v 0.014644 0.0653929 -9.16088e-05 
v 0.0149718 0.0644159 0.00481325 
v 0.0148109 0.0653473 -9.9657e-05 
v 0.0151249 0.064336 0.00479916 
v 0.0149718 0.0652841 -0.000110792 
v 0.0152683 0.0642402 0.00478227 
v 0.0151249 0.0652042 -0.000124883 
v 0.0154003 0.0641298 0.0047628 
v 0.0152683 0.0651085 -0.000141766 
v 0.0155195 0.0640059 0.00474096 
v 0.0154003 0.064998 -0.000161242 
v 0.0156243 0.0638701 0.00471701 
v 0.0155195 0.0648741 -0.000183082 
v 0.0157136 0.0637239 0.00469123 
v 0.0156243 0.0647383 -0.000207032 
v 0.0157864 0.063569 0.00466393 
v 0.0157136 0.0645921 -0.000232809 
v 0.0158417 0.0634074 0.00463542 
v 0.0157864 0.0644373 -0.000260112 
v 0.0158789 0.0632407 0.00460604 
v 0.0158417 0.0642756 -0.000288621 
v 0.0158977 0.0630711 0.00457613 
v 0.0158789 0.064109 -0.000318001 
v 0.0158977 0.0629005 0.00454605 
v 0.0158977 0.0639394 -0.000347908 
v 0.0158789 0.0627309 0.00451614 
v 0.0158977 0.0637688 -0.000377992 
v 0.0158417 0.0625643 0.00448676 
v 0.0158789 0.0635991 -0.000407899 
v 0.0157864 0.0624026 0.00445825 
v 0.0158417 0.0634325 -0.000437279 
v 0.0157136 0.0622477 0.00443095 
v 0.0157864 0.0632708 -0.000465788 
v 0.0156243 0.0621016 0.00440517 
v 0.0157136 0.063116 -0.000493091 
v 0.0155195 0.0619657 0.00438122 
v 0.0156243 0.0629698 -0.000518869 
v 0.0154003 0.0618419 0.00435938 
v 0.0155195 0.062834 -0.000542818 
v 0.0152683 0.0617314 0.0043399 
v 0.0154003 0.0627101 -0.000564659 
v 0.0151249 0.0616357 0.00432302 
v 0.0152683 0.0625997 -0.000584134 
v 0.0149718 0.0615558 0.00430893 
v 0.0151249 0.0625039 -0.000601017 
v 0.0148109 0.0614926 0.0042978 
v 0.0149718 0.062424 -0.000615108 
v 0.014644 0.061447 0.00428975 
v 0.0148109 0.0623608 -0.000626243 
v 0.014473 0.0614194 0.00428488 
v 0.014644 0.0623152 -0.000634292 
v 0.014473 0.0622876 -0.000639159 
v 0 0.095583 0.0103088 
v -0.01245 0.095583 0.0103088 
v 0.0122 0.0928747 0.00983131 
v 0.0019 0.0870151 0.0087981 
v 0.0122 0.0870151 0.0087981 
v 0.0122 0.0881477 0.0089978 
v 0.0019 0.0881477 0.0089978 
v 0.0019 0.0928747 0.00983131 
v 0.01245 0.095583 0.0103088 
v 0.0122 0.0933179 0.00990945 
v 0.0019 0.0933179 0.00990945 
v 0.0191 0.060967 0.00420511 
v 0.0191 0.0769208 0.00701821 
v 0.0191 0.0881477 0.0089978 
v 0.0152683 0.0896015 0.00925415 
v 0.0151249 0.0895057 0.00923727 
v 0.0155195 0.0898358 0.00929546 
v 0.0154003 0.0897119 0.00927362 
v 0.0136282 0.0894258 0.00922317 
v 0.0134751 0.0895057 0.00923727 
v 0.0149718 0.0894258 0.00922317 
v 0.0156243 0.0899716 0.00931941 
v 0.0158977 0.0907706 0.00946029 
v 0.0158789 0.090601 0.00943038 
v 0.0191 0.0928747 0.00983131 
v 0.0158977 0.0909412 0.00949037 
v 0.0128864 0.0915939 0.00960547 
v 0.0129757 0.0917401 0.00963125 
v 0.0127023 0.0907706 0.00946029 
v 0.0127583 0.0904343 0.009401 
v 0.0127211 0.090601 0.00943038 
v 0.0130805 0.0898358 0.00929546 
v 0.0129757 0.0899716 0.00931941 
v 0.0133317 0.0896015 0.00925415 
v 0.0131997 0.0897119 0.00927362 
v 0.0137891 0.0893627 0.00921204 
v 0.0148109 0.0893627 0.00921204 
v 0.0157136 0.0901178 0.00934519 
v 0.0158417 0.0904343 0.009401 
v 0.0157864 0.0902727 0.00937249 
v 0.0158417 0.0912774 0.00954966 
v 0.0158789 0.0911108 0.00952028 
v 0.0157136 0.0915939 0.00960547 
v 0.0157864 0.0914391 0.00957817 
v 0.0130805 0.091876 0.0096552 
v 0.0131997 0.0919998 0.00967704 
v 0.0128136 0.0914391 0.00957817 
v 0.0127023 0.0909412 0.00949037 
v 0.0127211 0.0911108 0.00952028 
v 0.0128864 0.0901178 0.00934519 
v 0.0128136 0.0902727 0.00937249 
v 0.013956 0.089317 0.00920399 
v 0.0155195 0.091876 0.0096552 
v 0.0156243 0.0917401 0.00963125 
v 0.0134751 0.092206 0.0097134 
v 0.0136282 0.0922859 0.00972749 
v 0.0127583 0.0912774 0.00954966 
v 0.0143 0.0924316 0.00975317 
v 0.014473 0.0924223 0.00975154 
v 0.0137891 0.0923491 0.00973863 
v 0.014644 0.089317 0.00920399 
v 0.014473 0.0892894 0.00919912 
v 0.0152683 0.0921103 0.00969652 
v 0.0154003 0.0919998 0.00967704 
v 0.0148109 0.0923491 0.00973863 
v 0.0149718 0.0922859 0.00972749 
v 0.013956 0.0923947 0.00974667 
v 0.014127 0.0924223 0.00975154 
v 0.0133317 0.0921103 0.00969652 
v 0.014644 0.0923947 0.00974667 
v 0.0151249 0.092206 0.0097134 
v 0.0143 0.0892802 0.00919749 
v 0.014127 0.0892894 0.00919912 
v 0.0189271 0.0944145 0.0101028 
v 0.0188321 0.0945981 0.0101352 
v 0.018718 0.094771 0.0101657 
v 0.0184383 0.095077 0.0102196 
v 0.0190563 0.0940228 0.0100338 
v 0.0190021 0.094222 0.0100689 
v 0.0191 0.0936133 0.00996155 
v 0.019089 0.0938192 0.00999785 
v 0.0185863 0.0949313 0.0101939 
v 0.017718 0.0954866 0.0102918 
v 0.0175158 0.0955399 0.0103013 
v 0.0181 0.0953191 0.0102623 
v 0.0179135 0.0954127 0.0102788 
v 0.0182756 0.0952068 0.0102425 
v 0.0171 0.095583 0.0103088 
v 0.0173091 0.0955722 0.0103069 
v -0.0190021 0.094222 0.0100689 
v -0.0184383 0.095077 0.0102196 
v -0.0185863 0.0949313 0.0101939 
v -0.018718 0.094771 0.0101657 
v -0.0188321 0.0945981 0.0101352 
v -0.0189271 0.0944145 0.0101028 
v -0.0182756 0.0952068 0.0102425 
v -0.017718 0.0954866 0.0102918 
v -0.0179135 0.0954127 0.0102788 
v -0.0181 0.0953191 0.0102623 
v -0.0173091 0.0955722 0.0103069 
v -0.0175158 0.0955399 0.0103013 
v -0.0171 0.095583 0.0103088 
v -0.0190563 0.0940228 0.0100338 
v -0.019089 0.0938192 0.00999785 
v -0.0191 0.0936133 0.00996155 
v -0.0191 0.0928747 0.00983131 
v -0.0157864 0.0914391 0.00957817 
v -0.0157136 0.0915939 0.00960547 
v -0.0191 0.0881477 0.0089978 
v -0.0148109 0.0893627 0.00921204 
v -0.0149718 0.0894258 0.00922317 
v -0.0156243 0.0917401 0.00963125 
v -0.0155195 0.0898358 0.00929546 
v -0.0156243 0.0899716 0.00931941 
v -0.0152683 0.0896015 0.00925415 
v -0.0154003 0.0897119 0.00927362 
v -0.0151249 0.0895057 0.00923727 
v -0.0137891 0.0923491 0.00973863 
v -0.0136282 0.0922859 0.00972749 
v -0.014473 0.0924223 0.00975154 
v -0.0158417 0.0912774 0.00954966 
v -0.0158977 0.0909412 0.00949037 
v -0.0158789 0.0911108 0.00952028 
v -0.014644 0.089317 0.00920399 
v -0.0134751 0.0895057 0.00923727 
v -0.0136282 0.0894258 0.00922317 
v -0.0130805 0.0898358 0.00929546 
v -0.0131997 0.0897119 0.00927362 
v -0.0128864 0.0901178 0.00934519 
v -0.0129757 0.0899716 0.00931941 
v -0.0127023 0.0907706 0.00946029 
v -0.0127211 0.090601 0.00943038 
v -0.0127023 0.0909412 0.00949037 
v -0.0134751 0.092206 0.0097134 
v -0.0143 0.0924316 0.00975317 
v -0.014127 0.0924223 0.00975154 
v -0.014644 0.0923947 0.00974667 
v -0.0155195 0.091876 0.0096552 
v -0.0154003 0.0919998 0.00967704 
v -0.0158417 0.0904343 0.009401 
v -0.0158789 0.090601 0.00943038 
v -0.0133317 0.0896015 0.00925415 
v -0.0127583 0.0912774 0.00954966 
v -0.0127211 0.0911108 0.00952028 
v -0.013956 0.0923947 0.00974667 
v -0.0149718 0.0922859 0.00972749 
v -0.0148109 0.0923491 0.00973863 
v -0.0152683 0.0921103 0.00969652 
v -0.0151249 0.092206 0.0097134 
v -0.0158977 0.0907706 0.00946029 
v -0.0157864 0.0902727 0.00937249 
v -0.0157136 0.0901178 0.00934519 
v -0.0128864 0.0915939 0.00960547 
v -0.0128136 0.0914391 0.00957817 
v -0.0130805 0.091876 0.0096552 
v -0.0129757 0.0917401 0.00963125 
v -0.0133317 0.0921103 0.00969652 
v -0.0131997 0.0919998 0.00967704 
v -0.014473 0.0892894 0.00919912 
v -0.013956 0.089317 0.00920399 
v -0.014127 0.0892894 0.00919912 
v -0.0137891 0.0893627 0.00921204 
v -0.0127583 0.0904343 0.009401 
v -0.0128136 0.0902727 0.00937249 
v -0.0143 0.0892802 0.00919749 
v -0.0191 0.0769208 0.00701821 
v -0.0157864 0.063569 0.00466393 
v -0.0157136 0.0637239 0.00469123 
v -0.0191 0.060967 0.00420511 
v -0.014644 0.061447 0.00428975 
v -0.0148109 0.0614926 0.0042978 
v -0.0130805 0.0640059 0.00474096 
v -0.0129757 0.0638701 0.00471701 
v -0.0133317 0.0642402 0.00478227 
v -0.0131997 0.0641298 0.0047628 
v -0.0137891 0.064479 0.00482438 
v -0.0136282 0.0644159 0.00481325 
v -0.0156243 0.0638701 0.00471701 
v -0.0158417 0.0634074 0.00463542 
v -0.0149718 0.0615558 0.00430893 
v -0.0134751 0.064336 0.00479916 
v -0.014473 0.0645523 0.0048373 
v -0.0158977 0.0630711 0.00457613 
v -0.0158789 0.0632407 0.00460604 
v -0.0151249 0.0616357 0.00432302 
v -0.0152683 0.0617314 0.0043399 
v -0.014473 0.0614194 0.00428488 
v -0.0143 0.0614101 0.00428325 
v -0.0127023 0.0629005 0.00454605 
v -0.0127211 0.0627309 0.00451614 
v -0.0127583 0.0634074 0.00463542 
v -0.0127211 0.0632407 0.00460604 
v -0.0143 0.0645615 0.00483893 
v -0.014127 0.0645523 0.0048373 
v -0.014644 0.0645247 0.00483243 
v -0.0149718 0.0644159 0.00481325 
v -0.0148109 0.064479 0.00482438 
v -0.0152683 0.0642402 0.00478227 
v -0.0151249 0.064336 0.00479916 
v -0.0155195 0.0640059 0.00474096 
v -0.0154003 0.0641298 0.0047628 
v -0.0154003 0.0618419 0.00435938 
v -0.0134751 0.0616357 0.00432302 
v -0.0136282 0.0615558 0.00430893 
v -0.0130805 0.0619657 0.00438122 
v -0.0131997 0.0618419 0.00435938 
v -0.0128864 0.0622477 0.00443095 
v -0.0129757 0.0621016 0.00440517 
v -0.0127023 0.0630711 0.00457613 
v -0.013956 0.0645247 0.00483243 
v -0.0155195 0.0619657 0.00438122 
v -0.0156243 0.0621016 0.00440517 
v -0.0137891 0.0614926 0.0042978 
v -0.013956 0.061447 0.00428975 
v -0.0133317 0.0617314 0.0043399 
v -0.0127583 0.0625643 0.00448676 
v -0.0128136 0.0624026 0.00445825 
v -0.0158417 0.0625643 0.00448676 
v -0.0158789 0.0627309 0.00451614 
v -0.014127 0.0614194 0.00428488 
v -0.0128864 0.0637239 0.00469123 
v -0.0128136 0.063569 0.00466393 
v -0.0157864 0.0624026 0.00445825 
v -0.0157136 0.0622477 0.00443095 
v -0.0158977 0.0629005 0.00454605 
v -0.0206779 0.0504242 0.00234614 
v -0.0254558 0.0267014 -0.00183683 
v -0.022029 0.0291486 -0.00140533 
v -0.01245 0.0335762 -0.000624618 
v -0.0191 0.0582587 0.00372758 
v -0.0183615 0.0312301 -0.00103829 
v -0.0144935 0.0329234 -0.000739733 
v -0.0206779 0.0299154 -0.00127011 
v 0.00211649 0.0355103 -0.000283586 
v 0.00632633 0.0350752 -0.000360308 
v 0.0104671 0.0342097 -0.000512912 
v 0 0.0355103 -0.000283586 
v 0.0191 0.0582587 0.00372758 
v 0.01245 0.0335762 -0.000624618 
v 0.0183615 0.0312301 -0.00103829 
v 0.022029 0.0291486 -0.00140533 
v 0.0144935 0.0329234 -0.000739733 
v 0.0254558 0.0267014 -0.00183683 
v -0.0019 0.0605238 0.00412697 
v -0.0122 0.0605238 0.00412697 
v -0.00632633 0.0350752 -0.000360308 
v -0.0104671 0.0342097 -0.000512912 
v -0.00211649 0.0355103 -0.000283586 
v -0.0019 0.060967 0.00420511 
v -0.0019 0.0668266 0.00523832 
v -0.0122 0.0668266 0.00523832 
v -0.0122 0.060967 0.00420511 
v 0.01245 0.060967 0.00420511 
v 0.01245 0.0769208 0.00701821 
v 0 0.0769208 0.00701821 
v 0 0.0881477 0.0089978 
v -0.01245 0.0881477 0.0089978 
v 0 0.0928747 0.00983131 
v -0.01245 0.0928747 0.00983131 
v 0.01245 0.0881477 0.0089978 
v 0.01245 0.0928747 0.00983131 
v -0.01245 0.0769208 0.00701821 
v -0.01245 0.060967 0.00420511 
v 0 0.060967 0.00420511 
v 0.01245 0.0964512 0.0053848 
v 0 0.0964512 0.0053848 
v -0.01245 0.0964512 0.0053848 
v -0.0171 0.0964512 0.0053848 
v 0.0171 0.0964512 0.0053848 
v 0.0191 0.0618352 -0.000718929 
v 0.0191 0.0777891 0.00209417 
v 0.0191 0.0890159 0.00407376 
v 0.0191 0.059127 -0.00119646 
v 0.0191 0.093743 0.00490727 
v 0.0191 0.0944816 0.00503751 
v -0.0191 0.0618352 -0.000718929 
v -0.0191 0.0890159 0.00407376 
v -0.0191 0.0777891 0.00209417 
v -0.0191 0.093743 0.00490727 
v -0.0191 0.0944816 0.00503751 
v -0.0191 0.059127 -0.00119646 
v 0.0122 0.0941861 0.00498541 
v 0.0019 0.0941861 0.00498541 
v 0.0019 0.0890159 0.00407376 
v 0.0019 0.0878834 0.00387407 
v 0.0019 0.093743 0.00490727 
v 0.0122 0.0878834 0.00387407 
v 0.0122 0.093743 0.00490727 
v 0.0122 0.0890159 0.00407376 
v -0.0122 0.0676948 0.000314278 
v -0.0019 0.0676948 0.000314278 
v -0.0122 0.0618352 -0.000718929 
v -0.0122 0.061392 -0.000797071 
v -0.0019 0.061392 -0.000797071 
v -0.0019 0.0618352 -0.000718929 
v 0.019089 0.0946875 0.00507381 
v 0.0190563 0.0948911 0.00510972 
v 0.0190021 0.0950902 0.00514483 
v 0.0189271 0.0952827 0.00517877 
v 0.0188321 0.0954664 0.00521116 
v 0.018718 0.0956393 0.00524164 
v 0.0185863 0.0957995 0.00526989 
v 0.0184383 0.0959453 0.0052956 
v 0.0182756 0.096075 0.00531848 
v 0.0181 0.0961873 0.00533828 
v 0.0179135 0.0962809 0.00535478 
v 0.017718 0.0963548 0.00536781 
v 0.0175158 0.0964082 0.00537722 
v 0.0173091 0.0964404 0.0053829 
v -0.019089 0.0946875 0.00507381 
v -0.0190563 0.0948911 0.00510972 
v -0.0190021 0.0950902 0.00514483 
v -0.0189271 0.0952827 0.00517877 
v -0.0188321 0.0954664 0.00521116 
v -0.018718 0.0956393 0.00524164 
v -0.0185863 0.0957995 0.00526989 
v -0.0184383 0.0959453 0.0052956 
v -0.0182756 0.096075 0.00531848 
v -0.0181 0.0961873 0.00533828 
v -0.0179135 0.0962809 0.00535478 
v -0.017718 0.0963548 0.00536781 
v -0.0175158 0.0964082 0.00537722 
v -0.0173091 0.0964404 0.0053829 
v 0.0143 0.0901484 0.00427346 
v 0.014127 0.0901577 0.00427508 
v 0.013956 0.0901853 0.00427995 
v 0.0137891 0.0902309 0.004288 
v 0.0136282 0.0902941 0.00429914 
v 0.0134751 0.090374 0.00431323 
v 0.0133317 0.0904697 0.00433011 
v 0.0131997 0.0905802 0.00434958 
v 0.0130805 0.090704 0.00437143 
v 0.0129757 0.0908399 0.00439537 
v 0.0128864 0.090986 0.00442115 
v 0.0128136 0.0911409 0.00444846 
v 0.0127583 0.0913026 0.00447696 
v 0.0127211 0.0914692 0.00450634 
v 0.0127023 0.0916388 0.00453625 
v 0.0127023 0.0918094 0.00456634 
v 0.0127211 0.091979 0.00459624 
v 0.0127583 0.0921457 0.00462562 
v 0.0128136 0.0923073 0.00465413 
v 0.0128864 0.0924622 0.00468143 
v 0.0129757 0.0926084 0.00470721 
v 0.0130805 0.0927442 0.00473116 
v 0.0131997 0.0928681 0.004753 
v 0.0133317 0.0929785 0.00477248 
v 0.0134751 0.0930743 0.00478936 
v 0.0136282 0.0931542 0.00480345 
v 0.0137891 0.0932173 0.00481459 
v 0.013956 0.093263 0.00482263 
v 0.014127 0.0932906 0.0048275 
v 0.0143 0.0932998 0.00482913 
v 0.014473 0.0932906 0.0048275 
v 0.014644 0.093263 0.00482263 
v 0.0148109 0.0932173 0.00481459 
v 0.0149718 0.0931542 0.00480345 
v 0.0151249 0.0930743 0.00478936 
v 0.0152683 0.0929785 0.00477248 
v 0.0154003 0.0928681 0.004753 
v 0.0155195 0.0927442 0.00473116 
v 0.0156243 0.0926084 0.00470721 
v 0.0157136 0.0924622 0.00468143 
v 0.0157864 0.0923073 0.00465413 
v 0.0158417 0.0921457 0.00462562 
v 0.0158789 0.091979 0.00459624 
v 0.0158977 0.0918094 0.00456634 
v 0.0158977 0.0916388 0.00453625 
v 0.0158789 0.0914692 0.00450634 
v 0.0158417 0.0913026 0.00447696 
v 0.0157864 0.0911409 0.00444846 
v 0.0157136 0.090986 0.00442115 
v 0.0156243 0.0908399 0.00439537 
v 0.0155195 0.090704 0.00437143 
v 0.0154003 0.0905802 0.00434958 
v 0.0152683 0.0904697 0.00433011 
v 0.0151249 0.090374 0.00431323 
v 0.0149718 0.0902941 0.00429914 
v 0.0148109 0.0902309 0.004288 
v 0.014644 0.0901853 0.00427995 
v 0.014473 0.0901577 0.00427508 
v -0.0143 0.0901484 0.00427346 
v -0.014473 0.0901577 0.00427508 
v -0.014644 0.0901853 0.00427995 
v -0.0148109 0.0902309 0.004288 
v -0.0149718 0.0902941 0.00429914 
v -0.0151249 0.090374 0.00431323 
v -0.0152683 0.0904697 0.00433011 
v -0.0154003 0.0905802 0.00434958 
v -0.0155195 0.090704 0.00437143 
v -0.0156243 0.0908399 0.00439537 
v -0.0157136 0.090986 0.00442115 
v -0.0157864 0.0911409 0.00444846 
v -0.0158417 0.0913026 0.00447696 
v -0.0158789 0.0914692 0.00450634 
v -0.0158977 0.0916388 0.00453625 
v -0.0158977 0.0918094 0.00456634 
v -0.0158789 0.091979 0.00459624 
v -0.0158417 0.0921457 0.00462562 
v -0.0157864 0.0923073 0.00465413 
v -0.0157136 0.0924622 0.00468143 
v -0.0156243 0.0926084 0.00470721 
v -0.0155195 0.0927442 0.00473116 
v -0.0154003 0.0928681 0.004753 
v -0.0152683 0.0929785 0.00477248 
v -0.0151249 0.0930743 0.00478936 
v -0.0149718 0.0931542 0.00480345 
v -0.0148109 0.0932173 0.00481459 
v -0.014644 0.093263 0.00482263 
v -0.014473 0.0932906 0.0048275 
v -0.0143 0.0932998 0.00482913 
v -0.014127 0.0932906 0.0048275 
v -0.013956 0.093263 0.00482263 
v -0.0137891 0.0932173 0.00481459 
v -0.0136282 0.0931542 0.00480345 
v -0.0134751 0.0930743 0.00478936 
v -0.0133317 0.0929785 0.00477248 
v -0.0131997 0.0928681 0.004753 
v -0.0130805 0.0927442 0.00473116 
v -0.0129757 0.0926084 0.00470721 
v -0.0128864 0.0924622 0.00468143 
v -0.0128136 0.0923073 0.00465413 
v -0.0127583 0.0921457 0.00462562 
v -0.0127211 0.091979 0.00459624 
v -0.0127023 0.0918094 0.00456634 
v -0.0127023 0.0916388 0.00453625 
v -0.0127211 0.0914692 0.00450634 
v -0.0127583 0.0913026 0.00447696 
v -0.0128136 0.0911409 0.00444846 
v -0.0128864 0.090986 0.00442115 
v -0.0129757 0.0908399 0.00439537 
v -0.0130805 0.090704 0.00437143 
v -0.0131997 0.0905802 0.00434958 
v -0.0133317 0.0904697 0.00433011 
v -0.0134751 0.090374 0.00431323 
v -0.0136282 0.0902941 0.00429914 
v -0.0137891 0.0902309 0.004288 
v -0.013956 0.0901853 0.00427995 
v -0.014127 0.0901577 0.00427508 
v -0.0143 0.0622784 -0.000640787 
v -0.014473 0.0622876 -0.000639159 
v -0.014644 0.0623152 -0.000634292 
v -0.0148109 0.0623608 -0.000626243 
v -0.0149718 0.062424 -0.000615108 
v -0.0151249 0.0625039 -0.000601017 
v -0.0152683 0.0625997 -0.000584134 
v -0.0154003 0.0627101 -0.000564659 
v -0.0155195 0.062834 -0.000542818 
v -0.0156243 0.0629698 -0.000518869 
v -0.0157136 0.063116 -0.000493091 
v -0.0157864 0.0632708 -0.000465788 
v -0.0158417 0.0634325 -0.000437279 
v -0.0158789 0.0635991 -0.000407899 
v -0.0158977 0.0637688 -0.000377992 
v -0.0158977 0.0639394 -0.000347908 
v -0.0158789 0.064109 -0.000318001 
v -0.0158417 0.0642756 -0.000288621 
v -0.0157864 0.0644373 -0.000260112 
v -0.0157136 0.0645921 -0.000232809 
v -0.0156243 0.0647383 -0.000207032 
v -0.0155195 0.0648741 -0.000183082 
v -0.0154003 0.064998 -0.000161242 
v -0.0152683 0.0651085 -0.000141766 
v -0.0151249 0.0652042 -0.000124883 
v -0.0149718 0.0652841 -0.000110792 
v -0.0148109 0.0653473 -9.9657e-05 
v -0.014644 0.0653929 -9.16088e-05 
v -0.014473 0.0654205 -8.67418e-05 
v -0.0143 0.0654297 -8.51131e-05 
v -0.014127 0.0654205 -8.67418e-05 
v -0.013956 0.0653929 -9.16088e-05 
v -0.0137891 0.0653473 -9.9657e-05 
v -0.0136282 0.0652841 -0.000110792 
v -0.0134751 0.0652042 -0.000124883 
v -0.0133317 0.0651085 -0.000141766 
v -0.0131997 0.064998 -0.000161242 
v -0.0130805 0.0648741 -0.000183082 
v -0.0129757 0.0647383 -0.000207032 
v -0.0128864 0.0645921 -0.000232809 
v -0.0128136 0.0644373 -0.000260112 
v -0.0127583 0.0642756 -0.000288621 
v -0.0127211 0.064109 -0.000318001 
v -0.0127023 0.0639394 -0.000347908 
v -0.0127023 0.0637688 -0.000377992 
v -0.0127211 0.0635991 -0.000407899 
v -0.0127583 0.0634325 -0.000437279 
v -0.0128136 0.0632708 -0.000465788 
v -0.0128864 0.063116 -0.000493091 
v -0.0129757 0.0629698 -0.000518869 
v -0.0130805 0.062834 -0.000542818 
v -0.0131997 0.0627101 -0.000564659 
v -0.0133317 0.0625997 -0.000584134 
v -0.0134751 0.0625039 -0.000601017 
v -0.0136282 0.062424 -0.000615108 
v -0.0137891 0.0623608 -0.000626243 
v -0.013956 0.0623152 -0.000634292 
v -0.014127 0.0622876 -0.000639159 
v 0.0243583 0.033019 -0.0058 
v 0.0254558 0.0274002 -0.0058 
v 0.022029 0.0299235 -0.0058 
v 0.0183615 0.0320698 -0.0058 
v 0.0163945 0.033019 -0.0058 
v 0.0144935 0.0337916 -0.00566377 
v 0.01245 0.0344445 -0.00554866 
v 0.00632633 0.0359434 -0.00528435 
v 0.00211649 0.0363785 -0.00520763 
v 0.0104671 0.035078 -0.00543695 
v -0.01245 0.0344445 -0.00554866 
v -0.0144935 0.0337916 -0.00566377 
v -0.0201292 0.0540171 -0.00209746 
v -0.0163945 0.033019 -0.0058 
v -0.0201292 0.033019 -0.0058 
v -0.00211649 0.0363785 -0.00520763 
v -0.00632633 0.0359434 -0.00528435 
v 0 0.0363785 -0.00520763 
v -0.0104671 0.035078 -0.00543695 
v -0.0243583 0.033019 -0.0058 
v 0 0.0777891 0.00209417 
v -0.01245 0.0777891 0.00209417 
v -0.01245 0.0890159 0.00407376 
v 0 0.0890159 0.00407376 
v -0.01245 0.093743 0.00490727 
v 0 0.093743 0.00490727 
v 0.01245 0.0618352 -0.000718929 
v 0 0.0618352 -0.000718929 
v 0.01245 0.093743 0.00490727 
v 0.01245 0.0890159 0.00407376 
v 0.01245 0.0777891 0.00209417 
v -0.01245 0.0618352 -0.000718929 
v -0.0254558 0.0274002 -0.0058 
v -0.0183615 0.0320698 -0.0058 
v -0.022029 0.0299235 -0.0058 
vn 0.108119 0.979035 0.17263 
vn 2.44929e-16 0.984808 0.173648 
vn 0.21497 0.961783 0.169588 
vn 0.108119 0.979035 0.17263 
vn 0.319302 0.933256 0.164558 
vn 0.21497 0.961783 0.169588 
vn 0.419889 0.893787 0.157599 
vn 0.319302 0.933256 0.164558 
vn 0.515554 0.84384 0.148792 
vn 0.419889 0.893787 0.157599 
vn 0.605174 0.783999 0.13824 
vn 0.515554 0.84384 0.148792 
vn 0.687699 0.714966 0.126068 
vn 0.605174 0.783999 0.13824 
vn 0.762162 0.637551 0.112417 
vn 0.687699 0.714966 0.126068 
vn 0.827689 0.552661 0.0974491 
vn 0.762162 0.637551 0.112417 
vn 0.883512 0.461292 0.0813383 
vn 0.827689 0.552661 0.0974491 
vn 0.928977 0.364515 0.0642738 
vn 0.883512 0.461292 0.0813383 
vn 0.96355 0.263464 0.0464558 
vn 0.928977 0.364515 0.0642738 
vn 0.986827 0.159324 0.0280931 
vn 0.96355 0.263464 0.0464558 
vn 0.998533 0.0533164 0.00940112 
vn 0.986827 0.159324 0.0280931 
vn 0.998533 -0.0533164 -0.00940112 
vn 0.998533 0.0533164 0.00940112 
vn 0.986827 -0.159324 -0.0280931 
vn 0.998533 -0.0533164 -0.00940112 
vn 0.96355 -0.263464 -0.0464558 
vn 0.986827 -0.159324 -0.0280931 
vn 0.928977 -0.364515 -0.0642738 
vn 0.96355 -0.263464 -0.0464558 
vn 0.883512 -0.461292 -0.0813383 
vn 0.928977 -0.364515 -0.0642738 
vn 0.827689 -0.552661 -0.0974491 
vn 0.883512 -0.461292 -0.0813383 
vn 0.762162 -0.637551 -0.112417 
vn 0.827689 -0.552661 -0.0974491 
vn 0.687699 -0.714966 -0.126068 
vn 0.762162 -0.637551 -0.112417 
vn 0.605174 -0.783999 -0.13824 
vn 0.687699 -0.714966 -0.126068 
vn 0.515554 -0.84384 -0.148792 
vn 0.605174 -0.783999 -0.13824 
vn 0.419889 -0.893787 -0.157599 
vn 0.515554 -0.84384 -0.148792 
vn 0.319302 -0.933256 -0.164558 
vn 0.419889 -0.893787 -0.157599 
vn 0.21497 -0.961783 -0.169588 
vn 0.319302 -0.933256 -0.164558 
vn 0.108119 -0.979035 -0.17263 
vn 0.21497 -0.961783 -0.169588 
vn -1.22465e-16 -0.984808 -0.173648 
vn 0.108119 -0.979035 -0.17263 
vn -0.108119 -0.979035 -0.17263 
vn -1.22465e-16 -0.984808 -0.173648 
vn -0.21497 -0.961783 -0.169588 
vn -0.108119 -0.979035 -0.17263 
vn -0.319302 -0.933256 -0.164558 
vn -0.21497 -0.961783 -0.169588 
vn -0.419889 -0.893787 -0.157599 
vn -0.319302 -0.933256 -0.164558 
vn -0.515554 -0.84384 -0.148792 
vn -0.419889 -0.893787 -0.157599 
vn -0.605174 -0.783999 -0.13824 
vn -0.515554 -0.84384 -0.148792 
vn -0.687699 -0.714966 -0.126068 
vn -0.605174 -0.783999 -0.13824 
vn -0.762162 -0.637551 -0.112417 
vn -0.687699 -0.714966 -0.126068 
vn -0.827689 -0.552661 -0.0974491 
vn -0.762162 -0.637551 -0.112417 
vn -0.883512 -0.461292 -0.0813383 
vn -0.827689 -0.552661 -0.0974491 
vn -0.928977 -0.364515 -0.0642738 
vn -0.883512 -0.461292 -0.0813383 
vn -0.96355 -0.263464 -0.0464558 
vn -0.928977 -0.364515 -0.0642738 
vn -0.986827 -0.159324 -0.0280931 
vn -0.96355 -0.263464 -0.0464558 
vn -0.998533 -0.0533164 -0.00940112 
vn -0.986827 -0.159324 -0.0280931 
vn -0.998533 0.0533164 0.00940112 
vn -0.998533 -0.0533164 -0.00940112 
vn -0.986827 0.159324 0.0280931 
vn -0.998533 0.0533164 0.00940112 
vn -0.96355 0.263464 0.0464558 
vn -0.986827 0.159324 0.0280931 
vn -0.928977 0.364515 0.0642738 
vn -0.96355 0.263464 0.0464558 
vn -0.883512 0.461292 0.0813383 
vn -0.928977 0.364515 0.0642738 
vn -0.827689 0.552661 0.0974491 
vn -0.883512 0.461292 0.0813383 
vn -0.762162 0.637551 0.112417 
vn -0.827689 0.552661 0.0974491 
vn -0.687699 0.714966 0.126068 
vn -0.762162 0.637551 0.112417 
vn -0.605174 0.783999 0.13824 
vn -0.687699 0.714966 0.126068 
vn -0.515554 0.84384 0.148792 
vn -0.605174 0.783999 0.13824 
vn -0.419889 0.893787 0.157599 
vn -0.515554 0.84384 0.148792 
vn -0.319302 0.933256 0.164558 
vn -0.419889 0.893787 0.157599 
vn -0.21497 0.961783 0.169588 
vn -0.319302 0.933256 0.164558 
vn -0.108119 0.979035 0.17263 
vn -0.21497 0.961783 0.169588 
vn 0 -0.173648 0.984808 
vn 0 0.984808 0.173648 
vn 1 3.60606e-16 6.35845e-17 
vn -1 -3.60606e-16 -6.35845e-17 
vn 0 -0.984808 -0.173648 
vn 1 1.66833e-16 2.94171e-17 
vn 0 0.984808 0.173648 
vn -1 -2.66933e-16 -4.70674e-17 
vn 0 -0.984808 -0.173648 
vn 1 0 0 
vn 0 0.984808 0.173648 
vn -1 -2.002e-16 -3.53006e-17 
vn 1 -2.90303e-15 -5.11882e-16 
vn 0.994522 0.10294 0.0181512 
vn 0.978148 0.204753 0.0361035 
vn 0.951057 0.304322 0.0536602 
vn 0.913545 0.400557 0.0706291 
vn 0.866025 0.492404 0.0868241 
vn 0.809017 0.578855 0.102068 
vn 0.743145 0.658965 0.116193 
vn 0.669131 0.731855 0.129046 
vn 0.587785 0.796726 0.140484 
vn 0.5 0.852869 0.150384 
vn 0.406737 0.899667 0.158636 
vn 0.309017 0.936608 0.165149 
vn 0.207912 0.963287 0.169854 
vn 0.104528 0.979413 0.172697 
vn 1.22465e-16 0.984808 0.173648 
vn -1 1.119e-14 1.9731e-15 
vn -0.994522 0.10294 0.0181512 
vn -0.978148 0.204753 0.0361035 
vn -0.951057 0.304322 0.0536602 
vn -0.913545 0.400557 0.0706291 
vn -0.866025 0.492404 0.0868241 
vn -0.809017 0.578855 0.102068 
vn -0.743145 0.658965 0.116193 
vn -0.669131 0.731855 0.129046 
vn -0.587785 0.796726 0.140484 
vn -0.5 0.852869 0.150384 
vn -0.406737 0.899667 0.158636 
vn -0.309017 0.936608 0.165149 
vn -0.207912 0.963287 0.169854 
vn -0.104528 0.979413 0.172697 
vn -2.44929e-16 0.984808 0.173648 
vn 0.108119 0.979035 0.17263 
vn 0.21497 0.961783 0.169588 
vn 0.319302 0.933256 0.164558 
vn 0.419889 0.893787 0.157599 
vn 0.515554 0.84384 0.148792 
vn 0.605174 0.783999 0.13824 
vn 0.687699 0.714966 0.126068 
vn 0.762162 0.637551 0.112417 
vn 0.827689 0.552661 0.0974491 
vn 0.883512 0.461292 0.0813383 
vn 0.928977 0.364515 0.0642738 
vn 0.96355 0.263464 0.0464558 
vn 0.986827 0.159324 0.0280931 
vn 0.998533 0.0533164 0.00940112 
vn 0.998533 -0.0533164 -0.00940112 
vn 0.986827 -0.159324 -0.0280931 
vn 0.96355 -0.263464 -0.0464558 
vn 0.928977 -0.364515 -0.0642738 
vn 0.883512 -0.461292 -0.0813383 
vn 0.827689 -0.552661 -0.0974491 
vn 0.762162 -0.637551 -0.112417 
vn 0.687699 -0.714966 -0.126068 
vn 0.605174 -0.783999 -0.13824 
vn 0.515554 -0.84384 -0.148792 
vn 0.419889 -0.893787 -0.157599 
vn 0.319302 -0.933256 -0.164558 
vn 0.21497 -0.961783 -0.169588 
vn 0.108119 -0.979035 -0.17263 
vn -1.22465e-16 -0.984808 -0.173648 
vn -0.108119 -0.979035 -0.17263 
vn -0.21497 -0.961783 -0.169588 
vn -0.319302 -0.933256 -0.164558 
vn -0.419889 -0.893787 -0.157599 
vn -0.515554 -0.84384 -0.148792 
vn -0.605174 -0.783999 -0.13824 
vn -0.687699 -0.714966 -0.126068 
vn -0.762162 -0.637551 -0.112417 
vn -0.827689 -0.552661 -0.0974491 
vn -0.883512 -0.461292 -0.0813383 
vn -0.928977 -0.364515 -0.0642738 
vn -0.96355 -0.263464 -0.0464558 
vn -0.986827 -0.159324 -0.0280931 
vn -0.998533 -0.0533164 -0.00940112 
vn -0.998533 0.0533164 0.00940112 
vn -0.986827 0.159324 0.0280931 
vn -0.96355 0.263464 0.0464558 
vn -0.928977 0.364515 0.0642738 
vn -0.883512 0.461292 0.0813383 
vn -0.827689 0.552661 0.0974491 
vn -0.762162 0.637551 0.112417 
vn -0.687699 0.714966 0.126068 
vn -0.605174 0.783999 0.13824 
vn -0.515554 0.84384 0.148792 
vn -0.419889 0.893787 0.157599 
vn -0.319302 0.933256 0.164558 
vn -0.21497 0.961783 0.169588 
vn -0.108119 0.979035 0.17263 
vn 0.108119 0.979035 0.17263 
vn 2.44929e-16 0.984808 0.173648 
vn 0.21497 0.961783 0.169588 
vn 0.108119 0.979035 0.17263 
vn 0.319302 0.933256 0.164558 
vn 0.21497 0.961783 0.169588 
vn 0.419889 0.893787 0.157599 
vn 0.319302 0.933256 0.164558 
vn 0.515554 0.84384 0.148792 
vn 0.419889 0.893787 0.157599 
vn 0.605174 0.783999 0.13824 
vn 0.515554 0.84384 0.148792 
vn 0.687699 0.714966 0.126068 
vn 0.605174 0.783999 0.13824 
vn 0.762162 0.637551 0.112417 
vn 0.687699 0.714966 0.126068 
vn 0.827689 0.552661 0.0974491 
vn 0.762162 0.637551 0.112417 
vn 0.883512 0.461292 0.0813383 
vn 0.827689 0.552661 0.0974491 
vn 0.928977 0.364515 0.0642738 
vn 0.883512 0.461292 0.0813383 
vn 0.96355 0.263464 0.0464558 
vn 0.928977 0.364515 0.0642738 
vn 0.986827 0.159324 0.0280931 
vn 0.96355 0.263464 0.0464558 
vn 0.998533 0.0533164 0.00940112 
vn 0.986827 0.159324 0.0280931 
vn 0.998533 -0.0533164 -0.00940112 
vn 0.998533 0.0533164 0.00940112 
vn 0.986827 -0.159324 -0.0280931 
vn 0.998533 -0.0533164 -0.00940112 
vn 0.96355 -0.263464 -0.0464558 
vn 0.986827 -0.159324 -0.0280931 
vn 0.928977 -0.364515 -0.0642738 
vn 0.96355 -0.263464 -0.0464558 
vn 0.883512 -0.461292 -0.0813383 
vn 0.928977 -0.364515 -0.0642738 
vn 0.827689 -0.552661 -0.0974491 
vn 0.883512 -0.461292 -0.0813383 
vn 0.762162 -0.637551 -0.112417 
vn 0.827689 -0.552661 -0.0974491 
vn 0.687699 -0.714966 -0.126068 
vn 0.762162 -0.637551 -0.112417 
vn 0.605174 -0.783999 -0.13824 
vn 0.687699 -0.714966 -0.126068 
vn 0.515554 -0.84384 -0.148792 
vn 0.605174 -0.783999 -0.13824 
vn 0.419889 -0.893787 -0.157599 
vn 0.515554 -0.84384 -0.148792 
vn 0.319302 -0.933256 -0.164558 
vn 0.419889 -0.893787 -0.157599 
vn 0.21497 -0.961783 -0.169588 
vn 0.319302 -0.933256 -0.164558 
vn 0.108119 -0.979035 -0.17263 
vn 0.21497 -0.961783 -0.169588 
vn -1.22465e-16 -0.984808 -0.173648 
vn 0.108119 -0.979035 -0.17263 
vn -0.108119 -0.979035 -0.17263 
vn -1.22465e-16 -0.984808 -0.173648 
vn -0.21497 -0.961783 -0.169588 
vn -0.108119 -0.979035 -0.17263 
vn -0.319302 -0.933256 -0.164558 
vn -0.21497 -0.961783 -0.169588 
vn -0.419889 -0.893787 -0.157599 
vn -0.319302 -0.933256 -0.164558 
vn -0.515554 -0.84384 -0.148792 
vn -0.419889 -0.893787 -0.157599 
vn -0.605174 -0.783999 -0.13824 
vn -0.515554 -0.84384 -0.148792 
vn -0.687699 -0.714966 -0.126068 
vn -0.605174 -0.783999 -0.13824 
vn -0.762162 -0.637551 -0.112417 
vn -0.687699 -0.714966 -0.126068 
vn -0.827689 -0.552661 -0.0974491 
vn -0.762162 -0.637551 -0.112417 
vn -0.883512 -0.461292 -0.0813383 
vn -0.827689 -0.552661 -0.0974491 
vn -0.928977 -0.364515 -0.0642738 
vn -0.883512 -0.461292 -0.0813383 
vn -0.96355 -0.263464 -0.0464558 
vn -0.928977 -0.364515 -0.0642738 
vn -0.986827 -0.159324 -0.0280931 
vn -0.96355 -0.263464 -0.0464558 
vn -0.998533 -0.0533164 -0.00940112 
vn -0.986827 -0.159324 -0.0280931 
vn -0.998533 0.0533164 0.00940112 
vn -0.998533 -0.0533164 -0.00940112 
vn -0.986827 0.159324 0.0280931 
vn -0.998533 0.0533164 0.00940112 
vn -0.96355 0.263464 0.0464558 
vn -0.986827 0.159324 0.0280931 
vn -0.928977 0.364515 0.0642738 
vn -0.96355 0.263464 0.0464558 
vn -0.883512 0.461292 0.0813383 
vn -0.928977 0.364515 0.0642738 
vn -0.827689 0.552661 0.0974491 
vn -0.883512 0.461292 0.0813383 
vn -0.762162 0.637551 0.112417 
vn -0.827689 0.552661 0.0974491 
vn -0.687699 0.714966 0.126068 
vn -0.762162 0.637551 0.112417 
vn -0.605174 0.783999 0.13824 
vn -0.687699 0.714966 0.126068 
vn -0.515554 0.84384 0.148792 
vn -0.605174 0.783999 0.13824 
vn -0.419889 0.893787 0.157599 
vn -0.515554 0.84384 0.148792 
vn -0.319302 0.933256 0.164558 
vn -0.419889 0.893787 0.157599 
vn -0.21497 0.961783 0.169588 
vn -0.319302 0.933256 0.164558 
vn -0.108119 0.979035 0.17263 
vn -0.21497 0.961783 0.169588 
vn 0.108119 0.979035 0.17263 
vn 2.44929e-16 0.984808 0.173648 
vn 0.21497 0.961783 0.169588 
vn 0.108119 0.979035 0.17263 
vn 0.319302 0.933256 0.164558 
vn 0.21497 0.961783 0.169588 
vn 0.419889 0.893787 0.157599 
vn 0.319302 0.933256 0.164558 
vn 0.515554 0.84384 0.148792 
vn 0.419889 0.893787 0.157599 
vn 0.605174 0.783999 0.13824 
vn 0.515554 0.84384 0.148792 
vn 0.687699 0.714966 0.126068 
vn 0.605174 0.783999 0.13824 
vn 0.762162 0.637551 0.112417 
vn 0.687699 0.714966 0.126068 
vn 0.827689 0.552661 0.0974491 
vn 0.762162 0.637551 0.112417 
vn 0.883512 0.461292 0.0813383 
vn 0.827689 0.552661 0.0974491 
vn 0.928977 0.364515 0.0642738 
vn 0.883512 0.461292 0.0813383 
vn 0.96355 0.263464 0.0464558 
vn 0.928977 0.364515 0.0642738 
vn 0.986827 0.159324 0.0280931 
vn 0.96355 0.263464 0.0464558 
vn 0.998533 0.0533164 0.00940112 
vn 0.986827 0.159324 0.0280931 
vn 0.998533 -0.0533164 -0.00940112 
vn 0.998533 0.0533164 0.00940112 
vn 0.986827 -0.159324 -0.0280931 
vn 0.998533 -0.0533164 -0.00940112 
vn 0.96355 -0.263464 -0.0464558 
vn 0.986827 -0.159324 -0.0280931 
vn 0.928977 -0.364515 -0.0642738 
vn 0.96355 -0.263464 -0.0464558 
vn 0.883512 -0.461292 -0.0813383 
vn 0.928977 -0.364515 -0.0642738 
vn 0.827689 -0.552661 -0.0974491 
vn 0.883512 -0.461292 -0.0813383 
vn 0.762162 -0.637551 -0.112417 
vn 0.827689 -0.552661 -0.0974491 
vn 0.687699 -0.714966 -0.126068 
vn 0.762162 -0.637551 -0.112417 
vn 0.605174 -0.783999 -0.13824 
vn 0.687699 -0.714966 -0.126068 
vn 0.515554 -0.84384 -0.148792 
vn 0.605174 -0.783999 -0.13824 
vn 0.419889 -0.893787 -0.157599 
vn 0.515554 -0.84384 -0.148792 
vn 0.319302 -0.933256 -0.164558 
vn 0.419889 -0.893787 -0.157599 
vn 0.21497 -0.961783 -0.169588 
vn 0.319302 -0.933256 -0.164558 
vn 0.108119 -0.979035 -0.17263 
vn 0.21497 -0.961783 -0.169588 
vn -1.22465e-16 -0.984808 -0.173648 
vn 0.108119 -0.979035 -0.17263 
vn -0.108119 -0.979035 -0.17263 
vn -1.22465e-16 -0.984808 -0.173648 
vn -0.21497 -0.961783 -0.169588 
vn -0.108119 -0.979035 -0.17263 
vn -0.319302 -0.933256 -0.164558 
vn -0.21497 -0.961783 -0.169588 
vn -0.419889 -0.893787 -0.157599 
vn -0.319302 -0.933256 -0.164558 
vn -0.515554 -0.84384 -0.148792 
vn -0.419889 -0.893787 -0.157599 
vn -0.605174 -0.783999 -0.13824 
vn -0.515554 -0.84384 -0.148792 
vn -0.687699 -0.714966 -0.126068 
vn -0.605174 -0.783999 -0.13824 
vn -0.762162 -0.637551 -0.112417 
vn -0.687699 -0.714966 -0.126068 
vn -0.827689 -0.552661 -0.0974491 
vn -0.762162 -0.637551 -0.112417 
vn -0.883512 -0.461292 -0.0813383 
vn -0.827689 -0.552661 -0.0974491 
vn -0.928977 -0.364515 -0.0642738 
vn -0.883512 -0.461292 -0.0813383 
vn -0.96355 -0.263464 -0.0464558 
vn -0.928977 -0.364515 -0.0642738 
vn -0.986827 -0.159324 -0.0280931 
vn -0.96355 -0.263464 -0.0464558 
vn -0.998533 -0.0533164 -0.00940112 
vn -0.986827 -0.159324 -0.0280931 
vn -0.998533 0.0533164 0.00940112 
vn -0.998533 -0.0533164 -0.00940112 
vn -0.986827 0.159324 0.0280931 
vn -0.998533 0.0533164 0.00940112 
vn -0.96355 0.263464 0.0464558 
vn -0.986827 0.159324 0.0280931 
vn -0.928977 0.364515 0.0642738 
vn -0.96355 0.263464 0.0464558 
vn -0.883512 0.461292 0.0813383 
vn -0.928977 0.364515 0.0642738 
vn -0.827689 0.552661 0.0974491 
vn -0.883512 0.461292 0.0813383 
vn -0.762162 0.637551 0.112417 
vn -0.827689 0.552661 0.0974491 
vn -0.687699 0.714966 0.126068 
vn -0.762162 0.637551 0.112417 
vn -0.605174 0.783999 0.13824 
vn -0.687699 0.714966 0.126068 
vn -0.515554 0.84384 0.148792 
vn -0.605174 0.783999 0.13824 
vn -0.419889 0.893787 0.157599 
vn -0.515554 0.84384 0.148792 
vn -0.319302 0.933256 0.164558 
vn -0.419889 0.893787 0.157599 
vn -0.21497 0.961783 0.169588 
vn -0.319302 0.933256 0.164558 
vn -0.108119 0.979035 0.17263 
vn -0.21497 0.961783 0.169588 
vn 0.980891 0.191601 0.0337843 
vn 0 0 -1 
vn 0 0.173648 -0.984808 
vn 0.307831 -0.936986 -0.165216 
vn 0.357867 -0.919586 -0.162148 
vn 0.258449 -0.951349 -0.167748 
vn 0.156207 -0.972719 -0.171517 
vn 0.0522595 -0.983462 -0.173411 
vn -1.22465e-16 -0.984808 -0.173648 
vn -0.0522595 -0.983462 -0.173411 
vn -0.156207 -0.972719 -0.171517 
vn -0.258449 -0.951349 -0.167748 
vn -0.307831 -0.936986 -0.165216 
vn -0.357867 -0.919586 -0.162148 
vn -0.453376 -0.877778 -0.154776 
vn -0.404808 -0.90051 -0.158784 
vn -0.543932 -0.826381 -0.145713 
vn -0.628546 -0.765956 -0.135059 
vn 0.543932 -0.826381 -0.145713 
vn 0.628546 -0.765956 -0.135059 
vn 0.453376 -0.877778 -0.154776 
vn 0.511222 -0.846392 -0.149242 
vn 0.543932 -0.826381 -0.145713 
vn 0.404808 -0.90051 -0.158784 
vn -0.628546 -0.765956 -0.135059 
vn -0.980891 0.191601 0.0337843 
vn 0 0 -1 
usemtl 0.647059_0.647059_0.647059_0.000000_0.000000
o mesh9
f 697//632 698//633 699//633 
f 700//634 697//632 701//635 
f 702//636 700//634 703//637 
f 704//638 702//636 705//639 
f 706//640 704//638 707//641 
f 708//642 706//640 709//643 
f 710//644 708//642 711//645 
f 712//646 710//644 713//647 
f 714//648 712//646 715//649 
f 716//650 714//648 717//651 
f 718//652 716//650 719//653 
f 720//654 718//652 721//655 
f 722//656 720//654 723//657 
f 724//658 722//656 725//659 
f 726//660 724//658 727//661 
f 728//662 726//660 729//663 
f 730//664 728//662 731//665 
f 732//666 730//664 733//667 
f 734//668 732//666 735//669 
f 736//670 734//668 737//671 
f 738//672 736//670 739//673 
f 740//674 738//672 741//675 
f 742//676 740//674 743//677 
f 744//678 742//676 745//679 
f 746//680 744//678 747//681 
f 748//682 746//680 749//683 
f 750//684 748//682 751//685 
f 752//686 750//684 753//687 
f 754//688 752//686 755//689 
f 756//690 754//688 757//691 
f 758//692 756//690 759//693 
f 760//694 758//692 761//695 
f 762//696 760//694 763//697 
f 764//698 762//696 765//699 
f 766//700 764//698 767//701 
f 768//702 766//700 769//703 
f 770//704 768//702 771//705 
f 772//706 770//704 773//707 
f 774//708 772//706 775//709 
f 776//710 774//708 777//711 
f 778//712 776//710 779//713 
f 780//714 778//712 781//715 
f 782//716 780//714 783//717 
f 784//718 782//716 785//719 
f 786//720 784//718 787//721 
f 788//722 786//720 789//723 
f 790//724 788//722 791//725 
f 792//726 790//724 793//727 
f 794//728 792//726 795//729 
f 796//730 794//728 797//731 
f 798//732 796//730 799//733 
f 800//734 798//732 801//735 
f 802//736 800//734 803//737 
f 804//738 802//736 805//739 
f 806//740 804//738 807//741 
f 808//742 806//740 809//743 
f 810//744 808//742 811//745 
f 698//633 810//744 812//744 
f 812//744 699//633 698//633 
f 811//745 812//744 810//744 
f 809//743 811//745 808//742 
f 807//741 809//743 806//740 
f 805//739 807//741 804//738 
f 803//737 805//739 802//736 
f 801//735 803//737 800//734 
f 799//733 801//735 798//732 
f 797//731 799//733 796//730 
f 795//729 797//731 794//728 
f 793//727 795//729 792//726 
f 791//725 793//727 790//724 
f 789//723 791//725 788//722 
f 787//721 789//723 786//720 
f 785//719 787//721 784//718 
f 783//717 785//719 782//716 
f 781//715 783//717 780//714 
f 779//713 781//715 778//712 
f 777//711 779//713 776//710 
f 775//709 777//711 774//708 
f 773//707 775//709 772//706 
f 771//705 773//707 770//704 
f 769//703 771//705 768//702 
f 767//701 769//703 766//700 
f 765//699 767//701 764//698 
f 763//697 765//699 762//696 
f 761//695 763//697 760//694 
f 759//693 761//695 758//692 
f 757//691 759//693 756//690 
f 755//689 757//691 754//688 
f 753//687 755//689 752//686 
f 751//685 753//687 750//684 
f 749//683 751//685 748//682 
f 747//681 749//683 746//680 
f 745//679 747//681 744//678 
f 743//677 745//679 742//676 
f 741//675 743//677 740//674 
f 739//673 741//675 738//672 
f 737//671 739//673 736//670 
f 735//669 737//671 734//668 
f 733//667 735//669 732//666 
f 731//665 733//667 730//664 
f 729//663 731//665 728//662 
f 727//661 729//663 726//660 
f 725//659 727//661 724//658 
f 723//657 725//659 722//656 
f 721//655 723//657 720//654 
f 719//653 721//655 718//652 
f 717//651 719//653 716//650 
f 715//649 717//651 714//648 
f 713//647 715//649 712//646 
f 711//645 713//647 710//644 
f 709//643 711//645 708//642 
f 707//641 709//643 706//640 
f 705//639 707//641 704//638 
f 703//637 705//639 702//636 
f 701//635 703//637 700//634 
f 699//633 701//635 697//632 
o mesh10
f 1065//746 1066//746 1067//746 
f 1067//746 1068//746 1069//746 
f 1068//746 1070//746 1071//746 
f 1070//746 813//746 814//746 
f 1072//746 1073//746 815//746 
f 1068//746 1067//746 816//746 
f 1066//746 817//746 816//746 
f 816//746 1067//746 1066//746 
f 1072//746 818//746 817//746 
f 817//746 1066//746 1072//746 
f 819//746 820//746 1070//746 
f 1073//746 821//746 822//746 
f 821//746 813//746 823//746 
f 823//746 822//746 821//746 
f 1070//746 820//746 823//746 
f 823//746 813//746 1070//746 
f 1065//746 710//746 712//746 
f 1065//746 706//746 708//746 
f 1065//746 700//746 702//746 
f 824//746 796//746 798//746 
f 825//746 770//746 772//746 
f 825//746 766//746 768//746 
f 1066//746 726//746 728//746 
f 1065//746 724//746 726//746 
f 1065//746 720//746 722//746 
f 712//746 714//746 1065//746 
f 1065//746 704//746 706//746 
f 1065//746 697//746 700//746 
f 824//746 800//746 802//746 
f 824//746 794//746 796//746 
f 824//746 784//746 786//746 
f 824//746 825//746 776//746 
f 768//746 770//746 825//746 
f 825//746 760//746 762//746 
f 1066//746 736//746 738//746 
f 728//746 730//746 1066//746 
f 722//746 724//746 1065//746 
f 1065//746 716//746 718//746 
f 708//746 710//746 1065//746 
f 1065//746 698//746 697//746 
f 802//746 804//746 824//746 
f 824//746 792//746 794//746 
f 824//746 788//746 790//746 
f 824//746 782//746 784//746 
f 824//746 778//746 780//746 
f 825//746 774//746 776//746 
f 825//746 764//746 766//746 
f 825//746 758//746 760//746 
f 1066//746 744//746 746//746 
f 1066//746 734//746 736//746 
f 730//746 732//746 1066//746 
f 718//746 720//746 1065//746 
f 702//746 704//746 1065//746 
f 798//746 800//746 824//746 
f 786//746 788//746 824//746 
f 776//746 778//746 824//746 
f 762//746 764//746 825//746 
f 1066//746 754//746 756//746 
f 746//746 748//746 1066//746 
f 1066//746 740//746 742//746 
f 732//746 734//746 1066//746 
f 714//746 716//746 1065//746 
f 1065//746 824//746 810//746 
f 824//746 806//746 808//746 
f 790//746 792//746 824//746 
f 772//746 774//746 825//746 
f 756//746 825//746 1066//746 
f 1066//746 750//746 752//746 
f 742//746 744//746 1066//746 
f 726//746 1066//746 1065//746 
f 808//746 810//746 824//746 
f 780//746 782//746 824//746 
f 752//746 754//746 1066//746 
f 738//746 740//746 1066//746 
f 804//746 806//746 824//746 
f 748//746 750//746 1066//746 
f 756//746 758//746 825//746 
f 825//746 826//746 1072//746 
f 826//746 827//746 828//746 
f 826//746 829//746 830//746 
f 1072//746 831//746 832//746 
f 828//746 833//746 826//746 
f 826//746 834//746 829//746 
f 826//746 835//746 836//746 
f 837//746 838//746 835//746 
f 1073//746 839//746 840//746 
f 1073//746 1072//746 841//746 
f 1072//746 842//746 843//746 
f 1072//746 844//746 845//746 
f 1072//746 846//746 847//746 
f 1072//746 848//746 831//746 
f 833//746 849//746 826//746 
f 826//746 850//746 834//746 
f 826//746 851//746 852//746 
f 835//746 826//746 837//746 
f 837//746 853//746 854//746 
f 837//746 855//746 856//746 
f 1073//746 857//746 858//746 
f 1073//746 859//746 839//746 
f 1073//746 860//746 861//746 
f 843//746 841//746 1072//746 
f 1072//746 862//746 863//746 
f 847//746 844//746 1072//746 
f 1072//746 864//746 848//746 
f 830//746 827//746 826//746 
f 836//746 851//746 826//746 
f 856//746 853//746 837//746 
f 837//746 865//746 866//746 
f 1073//746 867//746 868//746 
f 840//746 857//746 1073//746 
f 861//746 869//746 1073//746 
f 863//746 842//746 1072//746 
f 832//746 846//746 1072//746 
f 852//746 850//746 826//746 
f 866//746 855//746 837//746 
f 1073//746 870//746 871//746 
f 868//746 872//746 1073//746 
f 869//746 859//746 1073//746 
f 845//746 862//746 1072//746 
f 826//746 873//746 874//746 
f 854//746 838//746 837//746 
f 837//746 875//746 876//746 
f 837//746 877//746 878//746 
f 871//746 837//746 1073//746 
f 1073//746 879//746 880//746 
f 1073//746 881//746 867//746 
f 841//746 860//746 1073//746 
f 874//746 1072//746 826//746 
f 876//746 865//746 837//746 
f 837//746 882//746 877//746 
f 880//746 870//746 1073//746 
f 858//746 881//746 1073//746 
f 849//746 873//746 826//746 
f 878//746 883//746 837//746 
f 872//746 879//746 1073//746 
f 1072//746 884//746 885//746 
f 883//746 875//746 837//746 
f 885//746 864//746 1072//746 
f 871//746 882//746 837//746 
f 886//746 887//746 888//746 
f 889//746 890//746 891//746 
f 889//746 892//746 893//746 
f 888//746 894//746 886//746 
f 893//746 890//746 889//746 
f 892//746 895//746 896//746 
f 892//746 897//746 898//746 
f 892//746 889//746 899//746 
f 891//746 886//746 889//746 
f 898//746 895//746 892//746 
f 894//746 889//746 886//746 
f 899//746 897//746 892//746 
f 1073//746 892//746 900//746 
f 896//746 901//746 892//746 
f 901//746 900//746 892//746 
f 1073//746 837//746 892//746 
f 902//746 903//746 904//746 
f 905//746 906//746 907//746 
f 902//746 908//746 903//746 
f 902//746 909//746 910//746 
f 904//746 905//746 902//746 
f 910//746 911//746 902//746 
f 902//746 912//746 913//746 
f 914//746 915//746 916//746 
f 911//746 908//746 902//746 
f 902//746 914//746 912//746 
f 914//746 902//746 915//746 
f 913//746 909//746 902//746 
f 907//746 902//746 905//746 
f 916//746 917//746 914//746 
f 1071//746 814//746 914//746 
f 914//746 918//746 1071//746 
f 918//746 919//746 920//746 
f 921//746 922//746 923//746 
f 920//746 924//746 918//746 
f 921//746 925//746 926//746 
f 921//746 927//746 928//746 
f 923//746 929//746 921//746 
f 1071//746 930//746 931//746 
f 1071//746 918//746 932//746 
f 918//746 933//746 919//746 
f 918//746 934//746 935//746 
f 928//746 925//746 921//746 
f 921//746 936//746 922//746 
f 1069//746 937//746 938//746 
f 1069//746 939//746 940//746 
f 1069//746 941//746 942//746 
f 1069//746 943//746 944//746 
f 1071//746 945//746 943//746 
f 931//746 946//746 1071//746 
f 1071//746 947//746 948//746 
f 918//746 949//746 932//746 
f 918//746 950//746 951//746 
f 935//746 933//746 918//746 
f 921//746 952//746 953//746 
f 929//746 927//746 921//746 
f 1069//746 954//746 937//746 
f 942//746 939//746 1069//746 
f 943//746 1069//746 1071//746 
f 1071//746 955//746 956//746 
f 1071//746 957//746 930//746 
f 932//746 947//746 1071//746 
f 918//746 958//746 959//746 
f 918//746 960//746 961//746 
f 924//746 950//746 918//746 
f 918//746 921//746 962//746 
f 921//746 963//746 952//746 
f 926//746 964//746 921//746 
f 940//746 954//746 1069//746 
f 956//746 945//746 1071//746 
f 1071//746 965//746 966//746 
f 1071//746 967//746 968//746 
f 1071//746 969//746 970//746 
f 948//746 957//746 1071//746 
f 961//746 958//746 918//746 
f 962//746 934//746 918//746 
f 964//746 963//746 921//746 
f 921//746 1069//746 971//746 
f 1069//746 972//746 973//746 
f 938//746 974//746 1069//746 
f 1069//746 975//746 976//746 
f 966//746 955//746 1071//746 
f 970//746 967//746 1071//746 
f 959//746 949//746 918//746 
f 953//746 962//746 921//746 
f 1069//746 977//746 971//746 
f 974//746 972//746 1069//746 
f 944//746 975//746 1069//746 
f 946//746 969//746 1071//746 
f 971//746 936//746 921//746 
f 976//746 941//746 1069//746 
f 951//746 960//746 918//746 
f 968//746 965//746 1071//746 
f 1074//746 1069//746 921//746 
f 978//746 979//746 980//746 
f 981//746 982//746 983//746 
f 1074//746 984//746 985//746 
f 1074//746 986//746 987//746 
f 1074//746 988//746 989//746 
f 980//746 990//746 978//746 
f 981//746 991//746 979//746 
f 983//746 992//746 981//746 
f 987//746 984//746 1074//746 
f 989//746 993//746 1074//746 
f 1074//746 978//746 994//746 
f 979//746 978//746 981//746 
f 981//746 995//746 996//746 
f 981//746 997//746 998//746 
f 981//746 999//746 982//746 
f 1075//746 1000//746 999//746 
f 1075//746 1001//746 1002//746 
f 1074//746 1003//746 1004//746 
f 993//746 986//746 1074//746 
f 1074//746 1005//746 1006//746 
f 978//746 1007//746 994//746 
f 978//746 1008//746 1009//746 
f 978//746 1010//746 1011//746 
f 978//746 1012//746 1013//746 
f 996//746 991//746 981//746 
f 998//746 1014//746 981//746 
f 999//746 981//746 1075//746 
f 1075//746 1015//746 1016//746 
f 1075//746 1017//746 1018//746 
f 1075//746 1019//746 1020//746 
f 1075//746 1021//746 1001//746 
f 1004//746 1075//746 1074//746 
f 1074//746 1022//746 988//746 
f 994//746 1005//746 1074//746 
f 1011//746 1008//746 978//746 
f 990//746 1012//746 978//746 
f 981//746 1023//746 1024//746 
f 992//746 997//746 981//746 
f 1075//746 1025//746 1026//746 
f 1075//746 1027//746 1015//746 
f 1020//746 1017//746 1075//746 
f 1075//746 1028//746 1029//746 
f 1004//746 1021//746 1075//746 
f 1006//746 1022//746 1074//746 
f 1013//746 1010//746 978//746 
f 981//746 1030//746 1031//746 
f 1014//746 1023//746 981//746 
f 1026//746 1032//746 1075//746 
f 1018//746 1027//746 1075//746 
f 1002//746 1028//746 1075//746 
f 1074//746 1033//746 1034//746 
f 1009//746 1007//746 978//746 
f 981//746 1035//746 1030//746 
f 1024//746 1036//746 981//746 
f 1016//746 1025//746 1075//746 
f 1034//746 1003//746 1074//746 
f 981//746 1037//746 995//746 
f 1036//746 1035//746 981//746 
f 1029//746 1019//746 1075//746 
f 1031//746 1037//746 981//746 
f 985//746 1033//746 1074//746 
f 1038//746 1039//746 1040//746 
f 1041//746 1075//746 1038//746 
f 1075//746 1042//746 1038//746 
f 1038//746 1043//746 1044//746 
f 1038//746 1045//746 1043//746 
f 1075//746 981//746 1042//746 
f 1065//746 1076//746 1046//746 
f 1065//746 1047//746 1048//746 
f 1076//746 1049//746 1046//746 
f 1046//746 1047//746 1065//746 
f 1050//746 1065//746 1051//746 
f 1050//746 1052//746 1053//746 
f 1051//746 1054//746 1050//746 
f 1054//746 1052//746 1050//746 
f 1053//746 1055//746 1050//746 
f 1056//746 1057//746 1058//746 
f 1057//746 1059//746 1058//746 
f 1058//746 1060//746 1056//746 
f 1075//746 1041//746 1057//746 
f 1057//746 1041//746 1059//746 
f 1060//746 1049//746 1056//746 
f 1076//746 1061//746 1056//746 
f 1056//746 1049//746 1076//746 
f 1076//746 1067//746 1062//746 
f 1074//746 1063//746 1062//746 
f 1062//746 1067//746 1074//746 
f 1075//746 1064//746 1063//746 
f 1063//746 1074//746 1075//746 
f 1062//746 1061//746 1076//746 
f 1057//746 1064//746 1075//746 
f 1050//746 824//746 1065//746 
f 1048//746 1051//746 1065//746 
f 1038//746 1044//746 1041//746 
f 1040//746 1045//746 1038//746 
f 1032//746 1000//746 1075//746 
f 921//746 978//746 1074//746 
f 973//746 977//746 1069//746 
f 917//746 918//746 914//746 
f 900//746 821//746 1073//746 
f 874//746 884//746 1072//746 
f 1072//746 1066//746 825//746 
f 810//746 698//746 1065//746 
f 822//746 815//746 1073//746 
f 1070//746 1068//746 819//746 
f 816//746 819//746 1068//746 
f 815//746 818//746 1072//746 
f 814//746 1071//746 1070//746 
f 1071//746 1069//746 1068//746 
f 1069//746 1074//746 1067//746 
f 1067//746 1076//746 1065//746 
o mesh11
f 813//747 821//747 1077//747 
f 1077//747 821//747 900//747 
f 1078//747 1079//747 814//747 
f 814//747 1079//747 1080//747 
f 900//747 1081//747 1077//747 
f 1080//747 914//747 814//747 
f 814//747 813//747 1078//747 
f 1077//747 1078//747 813//747 
o mesh12
f 1082//748 1083//748 825//748 
f 826//748 825//748 1083//748 
f 837//748 826//748 1084//748 
f 1083//748 1084//748 826//748 
f 824//748 1050//748 1085//748 
f 825//748 824//748 1082//748 
f 892//748 837//748 1086//748 
f 1084//748 1086//748 837//748 
f 1085//748 1082//748 824//748 
f 1086//748 1087//748 892//748 
o mesh13
f 1088//749 981//749 978//749 
f 921//749 1089//749 1090//749 
f 918//749 1091//749 1089//749 
f 918//749 917//749 1092//749 
f 1090//749 978//749 921//749 
f 1092//749 1091//749 918//749 
f 1089//749 921//749 918//749 
f 981//749 1088//749 1093//749 
f 1093//749 1042//749 981//749 
f 978//749 1090//749 1088//749 
o mesh14
f 1094//750 822//750 823//750 
f 823//750 1095//750 1094//750 
o mesh15
f 820//751 819//751 1096//751 
f 1097//751 1096//751 819//751 
f 819//751 816//751 1097//751 
f 820//751 1098//751 1095//751 
f 1095//751 823//751 820//751 
f 1096//751 1098//751 820//751 
o mesh16
f 816//752 817//752 1099//752 
f 1099//752 1097//752 816//752 
o mesh17
f 815//753 1100//753 1101//753 
f 818//753 1101//753 1099//753 
f 1099//753 817//753 818//753 
f 822//753 1094//753 1100//753 
f 1100//753 815//753 822//753 
f 1101//753 818//753 815//753 
o mesh18
f 1102//754 1103//754 1062//754 
f 1062//754 1063//754 1102//754 
o mesh19
f 1104//755 1102//755 1063//755 
f 1104//755 1064//755 1057//755 
f 1057//755 1105//755 1104//755 
f 1063//755 1064//755 1104//755 
o mesh20
f 1105//756 1057//756 1056//756 
f 1056//756 1106//756 1105//756 
o mesh21
f 1107//757 1061//757 1062//757 
f 1061//757 1107//757 1106//757 
f 1106//757 1056//757 1061//757 
f 1062//757 1103//757 1107//757 
o mesh22
f 892//758 1087//758 1108//759 
f 893//759 1108//759 1109//760 
f 890//760 1109//760 1110//761 
f 891//761 1110//761 1111//762 
f 886//762 1111//762 1112//763 
f 887//763 1112//763 1113//764 
f 888//764 1113//764 1114//765 
f 894//765 1114//765 1115//766 
f 889//766 1115//766 1116//767 
f 899//767 1116//767 1117//768 
f 897//768 1117//768 1118//769 
f 898//769 1118//769 1119//770 
f 895//770 1119//770 1120//771 
f 896//771 1120//771 1121//772 
f 901//772 1121//772 1081//773 
f 1081//773 900//773 901//772 
f 1121//772 901//772 896//771 
f 1120//771 896//771 895//770 
f 1119//770 895//770 898//769 
f 1118//769 898//769 897//768 
f 1117//768 897//768 899//767 
f 1116//767 899//767 889//766 
f 1115//766 889//766 894//765 
f 1114//765 894//765 888//764 
f 1113//764 888//764 887//763 
f 1112//763 887//763 886//762 
f 1111//762 886//762 891//761 
f 1110//761 891//761 890//760 
f 1109//760 890//760 893//759 
f 1108//759 893//759 892//758 
o mesh23
f 1092//774 917//774 916//775 
f 1122//775 916//775 915//776 
f 1123//776 915//776 902//777 
f 1124//777 902//777 907//778 
f 1125//778 907//778 906//779 
f 1126//779 906//779 905//780 
f 1127//780 905//780 904//781 
f 1128//781 904//781 903//782 
f 1129//782 903//782 908//783 
f 1130//783 908//783 911//784 
f 1131//784 911//784 910//785 
f 1132//785 910//785 909//786 
f 1133//786 909//786 913//787 
f 1134//787 913//787 912//788 
f 1135//788 912//788 914//789 
f 914//789 1080//789 1135//788 
f 912//788 1135//788 1134//787 
f 913//787 1134//787 1133//786 
f 909//786 1133//786 1132//785 
f 910//785 1132//785 1131//784 
f 911//784 1131//784 1130//783 
f 908//783 1130//783 1129//782 
f 903//782 1129//782 1128//781 
f 904//781 1128//781 1127//780 
f 905//780 1127//780 1126//779 
f 906//779 1126//779 1125//778 
f 907//778 1125//778 1124//777 
f 902//777 1124//777 1123//776 
f 915//776 1123//776 1122//775 
f 916//775 1122//775 1092//774 
o mesh24
f 885//790 884//789 1136//789 
f 864//791 885//790 1137//790 
f 848//792 864//791 1138//791 
f 831//793 848//792 1139//792 
f 832//794 831//793 1140//793 
f 846//795 832//794 1141//794 
f 847//796 846//795 1142//795 
f 844//797 847//796 1143//796 
f 845//798 844//797 1144//797 
f 862//799 845//798 1145//798 
f 863//800 862//799 1146//799 
f 842//801 863//800 1147//800 
f 843//802 842//801 1148//801 
f 841//803 843//802 1149//802 
f 860//804 841//803 1150//803 
f 861//805 860//804 1151//804 
f 869//806 861//805 1152//805 
f 859//807 869//806 1153//806 
f 839//808 859//807 1154//807 
f 840//809 839//808 1155//808 
f 857//810 840//809 1156//809 
f 858//811 857//810 1157//810 
f 881//812 858//811 1158//811 
f 867//813 881//812 1159//812 
f 868//814 867//813 1160//813 
f 872//815 868//814 1161//814 
f 879//816 872//815 1162//815 
f 880//817 879//816 1163//816 
f 870//818 880//817 1164//817 
f 871//819 870//818 1165//818 
f 882//820 871//819 1166//819 
f 877//821 882//820 1167//820 
f 878//822 877//821 1168//821 
f 883//823 878//822 1169//822 
f 875//824 883//823 1170//823 
f 876//825 875//824 1171//824 
f 865//826 876//825 1172//825 
f 866//827 865//826 1173//826 
f 855//828 866//827 1174//827 
f 856//829 855//828 1175//828 
f 853//830 856//829 1176//829 
f 854//831 853//830 1177//830 
f 838//832 854//831 1178//831 
f 835//833 838//832 1179//832 
f 836//834 835//833 1180//833 
f 851//835 836//834 1181//834 
f 852//836 851//835 1182//835 
f 850//837 852//836 1183//836 
f 834//838 850//837 1184//837 
f 829//839 834//838 1185//838 
f 830//840 829//839 1186//839 
f 827//841 830//840 1187//840 
f 828//842 827//841 1188//841 
f 833//843 828//842 1189//842 
f 849//844 833//843 1190//843 
f 873//845 849//844 1191//844 
f 874//846 873//845 1192//845 
f 884//789 874//846 1193//846 
f 1193//846 1136//789 884//789 
f 1192//845 1193//846 874//846 
f 1191//844 1192//845 873//845 
f 1190//843 1191//844 849//844 
f 1189//842 1190//843 833//843 
f 1188//841 1189//842 828//842 
f 1187//840 1188//841 827//841 
f 1186//839 1187//840 830//840 
f 1185//838 1186//839 829//839 
f 1184//837 1185//838 834//838 
f 1183//836 1184//837 850//837 
f 1182//835 1183//836 852//836 
f 1181//834 1182//835 851//835 
f 1180//833 1181//834 836//834 
f 1179//832 1180//833 835//833 
f 1178//831 1179//832 838//832 
f 1177//830 1178//831 854//831 
f 1176//829 1177//830 853//830 
f 1175//828 1176//829 856//829 
f 1174//827 1175//828 855//828 
f 1173//826 1174//827 866//827 
f 1172//825 1173//826 865//826 
f 1171//824 1172//825 876//825 
f 1170//823 1171//824 875//824 
f 1169//822 1170//823 883//823 
f 1168//821 1169//822 878//822 
f 1167//820 1168//821 877//821 
f 1166//819 1167//820 882//820 
f 1165//818 1166//819 871//819 
f 1164//817 1165//818 870//818 
f 1163//816 1164//817 880//817 
f 1162//815 1163//816 879//816 
f 1161//814 1162//815 872//815 
f 1160//813 1161//814 868//814 
f 1159//812 1160//813 867//813 
f 1158//811 1159//812 881//812 
f 1157//810 1158//811 858//811 
f 1156//809 1157//810 857//810 
f 1155//808 1156//809 840//809 
f 1154//807 1155//808 839//808 
f 1153//806 1154//807 859//807 
f 1152//805 1153//806 869//806 
f 1151//804 1152//805 861//805 
f 1150//803 1151//804 860//804 
f 1149//802 1150//803 841//803 
f 1148//801 1149//802 843//802 
f 1147//800 1148//801 842//801 
f 1146//799 1147//800 863//800 
f 1145//798 1146//799 862//799 
f 1144//797 1145//798 845//798 
f 1143//796 1144//797 844//797 
f 1142//795 1143//796 847//796 
f 1141//794 1142//795 846//795 
f 1140//793 1141//794 832//794 
f 1139//792 1140//793 831//793 
f 1138//791 1139//792 848//792 
f 1137//790 1138//791 864//791 
f 1136//789 1137//790 885//790 
o mesh25
f 971//847 977//848 1194//848 
f 936//849 971//847 1195//850 
f 922//851 936//849 1196//852 
f 923//853 922//851 1197//854 
f 929//855 923//853 1198//856 
f 927//857 929//855 1199//858 
f 928//859 927//857 1200//860 
f 925//861 928//859 1201//862 
f 926//863 925//861 1202//864 
f 964//865 926//863 1203//866 
f 963//867 964//865 1204//868 
f 952//869 963//867 1205//870 
f 953//871 952//869 1206//872 
f 962//873 953//871 1207//874 
f 934//875 962//873 1208//876 
f 935//877 934//875 1209//878 
f 933//879 935//877 1210//880 
f 919//881 933//879 1211//882 
f 920//883 919//881 1212//884 
f 924//885 920//883 1213//886 
f 950//887 924//885 1214//888 
f 951//889 950//887 1215//890 
f 960//891 951//889 1216//892 
f 961//893 960//891 1217//894 
f 958//895 961//893 1218//896 
f 959//897 958//895 1219//898 
f 949//899 959//897 1220//900 
f 932//901 949//899 1221//902 
f 947//903 932//901 1222//904 
f 948//905 947//903 1223//906 
f 957//907 948//905 1224//908 
f 930//909 957//907 1225//910 
f 931//911 930//909 1226//912 
f 946//913 931//911 1227//914 
f 969//915 946//913 1228//916 
f 970//917 969//915 1229//918 
f 967//919 970//917 1230//920 
f 968//921 967//919 1231//922 
f 965//923 968//921 1232//924 
f 966//925 965//923 1233//926 
f 955//927 966//925 1234//928 
f 956//929 955//927 1235//930 
f 945//931 956//929 1236//932 
f 943//933 945//931 1237//934 
f 944//935 943//933 1238//936 
f 975//937 944//935 1239//938 
f 976//939 975//937 1240//940 
f 941//941 976//939 1241//942 
f 942//943 941//941 1242//944 
f 939//945 942//943 1243//946 
f 940//947 939//945 1244//948 
f 954//949 940//947 1245//950 
f 937//951 954//949 1246//952 
f 938//953 937//951 1247//954 
f 974//955 938//953 1248//956 
f 972//957 974//955 1249//958 
f 973//959 972//957 1250//960 
f 977//848 973//959 1251//959 
f 1251//959 1194//848 977//848 
f 1250//960 1251//959 973//959 
f 1249//958 1250//960 972//957 
f 1248//956 1249//958 974//955 
f 1247//954 1248//956 938//953 
f 1246//952 1247//954 937//951 
f 1245//950 1246//952 954//949 
f 1244//948 1245//950 940//947 
f 1243//946 1244//948 939//945 
f 1242//944 1243//946 942//943 
f 1241//942 1242//944 941//941 
f 1240//940 1241//942 976//939 
f 1239//938 1240//940 975//937 
f 1238//936 1239//938 944//935 
f 1237//934 1238//936 943//933 
f 1236//932 1237//934 945//931 
f 1235//930 1236//932 956//929 
f 1234//928 1235//930 955//927 
f 1233//926 1234//928 966//925 
f 1232//924 1233//926 965//923 
f 1231//922 1232//924 968//921 
f 1230//920 1231//922 967//919 
f 1229//918 1230//920 970//917 
f 1228//916 1229//918 969//915 
f 1227//914 1228//916 946//913 
f 1226//912 1227//914 931//911 
f 1225//910 1226//912 930//909 
f 1224//908 1225//910 957//907 
f 1223//906 1224//908 948//905 
f 1222//904 1223//906 947//903 
f 1221//902 1222//904 932//901 
f 1220//900 1221//902 949//899 
f 1219//898 1220//900 959//897 
f 1218//896 1219//898 958//895 
f 1217//894 1218//896 961//893 
f 1216//892 1217//894 960//891 
f 1215//890 1216//892 951//889 
f 1214//888 1215//890 950//887 
f 1213//886 1214//888 924//885 
f 1212//884 1213//886 920//883 
f 1211//882 1212//884 919//881 
f 1210//880 1211//882 933//879 
f 1209//878 1210//880 935//877 
f 1208//876 1209//878 934//875 
f 1207//874 1208//876 962//873 
f 1206//872 1207//874 953//871 
f 1205//870 1206//872 952//869 
f 1204//868 1205//870 963//867 
f 1203//866 1204//868 964//865 
f 1202//864 1203//866 926//863 
f 1201//862 1202//864 925//861 
f 1200//860 1201//862 928//859 
f 1199//858 1200//860 927//857 
f 1198//856 1199//858 929//855 
f 1197//854 1198//856 923//853 
f 1196//852 1197//854 922//851 
f 1195//850 1196//852 936//849 
f 1194//848 1195//850 971//847 
o mesh26
f 999//961 1000//962 1252//962 
f 982//963 999//961 1253//964 
f 983//965 982//963 1254//966 
f 992//967 983//965 1255//968 
f 997//969 992//967 1256//970 
f 998//971 997//969 1257//972 
f 1014//973 998//971 1258//974 
f 1023//975 1014//973 1259//976 
f 1024//977 1023//975 1260//978 
f 1036//979 1024//977 1261//980 
f 1035//981 1036//979 1262//982 
f 1030//983 1035//981 1263//984 
f 1031//985 1030//983 1264//986 
f 1037//987 1031//985 1265//988 
f 995//989 1037//987 1266//990 
f 996//991 995//989 1267//992 
f 991//993 996//991 1268//994 
f 979//995 991//993 1269//996 
f 980//997 979//995 1270//998 
f 990//999 980//997 1271//1000 
f 1012//1001 990//999 1272//1002 
f 1013//1003 1012//1001 1273//1004 
f 1010//1005 1013//1003 1274//1006 
f 1011//1007 1010//1005 1275//1008 
f 1008//1009 1011//1007 1276//1010 
f 1009//1011 1008//1009 1277//1012 
f 1007//1013 1009//1011 1278//1014 
f 994//1015 1007//1013 1279//1016 
f 1005//1017 994//1015 1280//1018 
f 1006//1019 1005//1017 1281//1020 
f 1022//1021 1006//1019 1282//1022 
f 988//1023 1022//1021 1283//1024 
f 989//1025 988//1023 1284//1026 
f 993//1027 989//1025 1285//1028 
f 986//1029 993//1027 1286//1030 
f 987//1031 986//1029 1287//1032 
f 984//1033 987//1031 1288//1034 
f 985//1035 984//1033 1289//1036 
f 1033//1037 985//1035 1290//1038 
f 1034//1039 1033//1037 1291//1040 
f 1003//1041 1034//1039 1292//1042 
f 1004//1043 1003//1041 1293//1044 
f 1021//1045 1004//1043 1294//1046 
f 1001//1047 1021//1045 1295//1048 
f 1002//1049 1001//1047 1296//1050 
f 1028//1051 1002//1049 1297//1052 
f 1029//1053 1028//1051 1298//1054 
f 1019//1055 1029//1053 1299//1056 
f 1020//1057 1019//1055 1300//1058 
f 1017//1059 1020//1057 1301//1060 
f 1018//1061 1017//1059 1302//1062 
f 1027//1063 1018//1061 1303//1064 
f 1015//1065 1027//1063 1304//1066 
f 1016//1067 1015//1065 1305//1068 
f 1025//1069 1016//1067 1306//1070 
f 1026//1071 1025//1069 1307//1072 
f 1032//1073 1026//1071 1308//1074 
f 1000//962 1032//1073 1309//1073 
f 1309//1073 1252//962 1000//962 
f 1308//1074 1309//1073 1032//1073 
f 1307//1072 1308//1074 1026//1071 
f 1306//1070 1307//1072 1025//1069 
f 1305//1068 1306//1070 1016//1067 
f 1304//1066 1305//1068 1015//1065 
f 1303//1064 1304//1066 1027//1063 
f 1302//1062 1303//1064 1018//1061 
f 1301//1060 1302//1062 1017//1059 
f 1300//1058 1301//1060 1020//1057 
f 1299//1056 1300//1058 1019//1055 
f 1298//1054 1299//1056 1029//1053 
f 1297//1052 1298//1054 1028//1051 
f 1296//1050 1297//1052 1002//1049 
f 1295//1048 1296//1050 1001//1047 
f 1294//1046 1295//1048 1021//1045 
f 1293//1044 1294//1046 1004//1043 
f 1292//1042 1293//1044 1003//1041 
f 1291//1040 1292//1042 1034//1039 
f 1290//1038 1291//1040 1033//1037 
f 1289//1036 1290//1038 985//1035 
f 1288//1034 1289//1036 984//1033 
f 1287//1032 1288//1034 987//1031 
f 1286//1030 1287//1032 986//1029 
f 1285//1028 1286//1030 993//1027 
f 1284//1026 1285//1028 989//1025 
f 1283//1024 1284//1026 988//1023 
f 1282//1022 1283//1024 1022//1021 
f 1281//1020 1282//1022 1006//1019 
f 1280//1018 1281//1020 1005//1017 
f 1279//1016 1280//1018 994//1015 
f 1278//1014 1279//1016 1007//1013 
f 1277//1012 1278//1014 1009//1011 
f 1276//1010 1277//1012 1008//1009 
f 1275//1008 1276//1010 1011//1007 
f 1274//1006 1275//1008 1010//1005 
f 1273//1004 1274//1006 1013//1003 
f 1272//1002 1273//1004 1012//1001 
f 1271//1000 1272//1002 990//999 
f 1270//998 1271//1000 980//997 
f 1269//996 1270//998 979//995 
f 1268//994 1269//996 991//993 
f 1267//992 1268//994 996//991 
f 1266//990 1267//992 995//989 
f 1265//988 1266//990 1037//987 
f 1264//986 1265//988 1031//985 
f 1263//984 1264//986 1030//983 
f 1262//982 1263//984 1035//981 
f 1261//980 1262//982 1036//979 
f 1260//978 1261//980 1024//977 
f 1259//976 1260//978 1023//975 
f 1258//974 1259//976 1014//973 
f 1257//972 1258//974 998//971 
f 1256//970 1257//972 997//969 
f 1255//968 1256//970 992//967 
f 1254//966 1255//968 983//965 
f 1253//964 1254//966 982//963 
f 1252//962 1253//964 999//961 
o mesh27
f 1050//1075 1055//1075 1310//1075 
f 1055//1075 1311//1075 1310//1075 
f 1310//1075 1085//1075 1050//1075 
o mesh28
f 1310//1076 1312//1076 1313//1076 
f 1310//1076 1311//1076 1312//1076 
f 1313//1076 1314//1076 1310//1076 
o mesh29
f 1330//1077 1331//1077 1332//1077 
f 1333//1077 1332//1077 1334//1077 
f 1335//1077 1334//1077 1079//1077 
f 1336//1077 1337//1077 1330//1077 
f 1115//1077 1109//1077 1108//1077 
f 1113//1077 1112//1077 1111//1077 
f 1110//1077 1115//1077 1114//1077 
f 1115//1077 1110//1077 1109//1077 
f 1114//1077 1113//1077 1110//1077 
f 1111//1077 1110//1077 1113//1077 
f 1087//1077 1117//1077 1116//1077 
f 1116//1077 1115//1077 1087//1077 
f 1087//1077 1119//1077 1118//1077 
f 1087//1077 1121//1077 1120//1077 
f 1118//1077 1117//1077 1087//1077 
f 1087//1077 1081//1077 1121//1077 
f 1120//1077 1119//1077 1087//1077 
f 1108//1077 1087//1077 1115//1077 
f 1338//1077 1077//1077 1081//1077 
f 1081//1077 1086//1077 1338//1077 
f 1086//1077 1084//1077 1180//1077 
f 1084//1077 1182//1077 1181//1077 
f 1084//1077 1188//1077 1187//1077 
f 1086//1077 1177//1077 1176//1077 
f 1086//1077 1179//1077 1178//1077 
f 1181//1077 1180//1077 1084//1077 
f 1084//1077 1184//1077 1183//1077 
f 1187//1077 1186//1077 1084//1077 
f 1178//1077 1177//1077 1086//1077 
f 1183//1077 1182//1077 1084//1077 
f 1186//1077 1185//1077 1084//1077 
f 1339//1077 1144//1077 1143//1077 
f 1339//1077 1150//1077 1149//1077 
f 1338//1077 1151//1077 1150//1077 
f 1176//1077 1175//1077 1086//1077 
f 1185//1077 1184//1077 1084//1077 
f 1084//1077 1190//1077 1189//1077 
f 1084//1077 1339//1077 1193//1077 
f 1339//1077 1145//1077 1144//1077 
f 1339//1077 1148//1077 1147//1077 
f 1150//1077 1339//1077 1338//1077 
f 1338//1077 1153//1077 1152//1077 
f 1086//1077 1170//1077 1169//1077 
f 1086//1077 1172//1077 1171//1077 
f 1086//1077 1174//1077 1173//1077 
f 1180//1077 1179//1077 1086//1077 
f 1084//1077 1191//1077 1190//1077 
f 1339//1077 1136//1077 1193//1077 
f 1339//1077 1138//1077 1137//1077 
f 1339//1077 1142//1077 1141//1077 
f 1339//1077 1146//1077 1145//1077 
f 1149//1077 1148//1077 1339//1077 
f 1338//1077 1154//1077 1153//1077 
f 1338//1077 1156//1077 1155//1077 
f 1338//1077 1086//1077 1166//1077 
f 1086//1077 1168//1077 1167//1077 
f 1171//1077 1170//1077 1086//1077 
f 1175//1077 1174//1077 1086//1077 
f 1084//1077 1192//1077 1191//1077 
f 1137//1077 1136//1077 1339//1077 
f 1141//1077 1140//1077 1339//1077 
f 1147//1077 1146//1077 1339//1077 
f 1155//1077 1154//1077 1338//1077 
f 1338//1077 1160//1077 1159//1077 
f 1338//1077 1162//1077 1161//1077 
f 1338//1077 1164//1077 1163//1077 
f 1167//1077 1166//1077 1086//1077 
f 1173//1077 1172//1077 1086//1077 
f 1193//1077 1192//1077 1084//1077 
f 1140//1077 1139//1077 1339//1077 
f 1152//1077 1151//1077 1338//1077 
f 1338//1077 1158//1077 1157//1077 
f 1161//1077 1160//1077 1338//1077 
f 1338//1077 1165//1077 1164//1077 
f 1169//1077 1168//1077 1086//1077 
f 1139//1077 1138//1077 1339//1077 
f 1157//1077 1156//1077 1338//1077 
f 1163//1077 1162//1077 1338//1077 
f 1189//1077 1188//1077 1084//1077 
f 1159//1077 1158//1077 1338//1077 
f 1143//1077 1142//1077 1339//1077 
f 1083//1077 1340//1077 1339//1077 
f 1336//1077 699//1077 812//1077 
f 1082//1077 812//1077 811//1077 
f 1336//1077 701//1077 699//1077 
f 1336//1077 707//1077 705//1077 
f 1083//1077 773//1077 771//1077 
f 812//1077 1082//1077 1336//1077 
f 705//1077 703//1077 1336//1077 
f 1336//1077 715//1077 713//1077 
f 1083//1077 775//1077 773//1077 
f 1082//1077 803//1077 801//1077 
f 703//1077 701//1077 1336//1077 
f 1336//1077 711//1077 709//1077 
f 1336//1077 717//1077 715//1077 
f 1336//1077 727//1077 725//1077 
f 1336//1077 1340//1077 729//1077 
f 1083//1077 767//1077 765//1077 
f 1083//1077 777//1077 775//1077 
f 1082//1077 781//1077 779//1077 
f 1082//1077 791//1077 789//1077 
f 801//1077 799//1077 1082//1077 
f 1082//1077 807//1077 805//1077 
f 709//1077 707//1077 1336//1077 
f 1336//1077 719//1077 717//1077 
f 1336//1077 723//1077 721//1077 
f 729//1077 727//1077 1336//1077 
f 1340//1077 733//1077 731//1077 
f 1340//1077 737//1077 735//1077 
f 1340//1077 743//1077 741//1077 
f 765//1077 763//1077 1083//1077 
f 771//1077 769//1077 1083//1077 
f 779//1077 1083//1077 1082//1077 
f 1082//1077 785//1077 783//1077 
f 789//1077 787//1077 1082//1077 
f 1082//1077 795//1077 793//1077 
f 799//1077 797//1077 1082//1077 
f 1082//1077 809//1077 807//1077 
f 713//1077 711//1077 1336//1077 
f 725//1077 723//1077 1336//1077 
f 735//1077 733//1077 1340//1077 
f 741//1077 739//1077 1340//1077 
f 1340//1077 751//1077 749//1077 
f 769//1077 767//1077 1083//1077 
f 783//1077 781//1077 1082//1077 
f 793//1077 791//1077 1082//1077 
f 805//1077 803//1077 1082//1077 
f 721//1077 719//1077 1336//1077 
f 739//1077 737//1077 1340//1077 
f 1340//1077 747//1077 745//1077 
f 1340//1077 753//1077 751//1077 
f 779//1077 777//1077 1083//1077 
f 797//1077 795//1077 1082//1077 
f 731//1077 729//1077 1340//1077 
f 749//1077 747//1077 1340//1077 
f 787//1077 785//1077 1082//1077 
f 745//1077 743//1077 1340//1077 
f 1340//1077 1083//1077 759//1077 
f 811//1077 809//1077 1082//1077 
f 1340//1077 757//1077 755//1077 
f 1083//1077 761//1077 759//1077 
f 755//1077 753//1077 1340//1077 
f 763//1077 761//1077 1083//1077 
f 1085//1077 1315//1077 1316//1077 
f 1085//1077 1310//1077 1314//1077 
f 1314//1077 1315//1077 1085//1077 
f 1336//1077 1082//1077 1085//1077 
f 1336//1077 1317//1077 1318//1077 
f 1318//1077 1337//1077 1336//1077 
f 1336//1077 1316//1077 1319//1077 
f 1319//1077 1317//1077 1336//1077 
f 1320//1077 1321//1077 1322//1077 
f 1322//1077 1321//1077 1323//1077 
f 1322//1077 1341//1077 1320//1077 
f 1322//1077 1093//1077 1341//1077 
f 1323//1077 1324//1077 1322//1077 
f 1341//1077 1088//1077 1253//1077 
f 1088//1077 1256//1077 1255//1077 
f 1088//1077 1258//1077 1257//1077 
f 1341//1077 1309//1077 1308//1077 
f 1253//1077 1252//1077 1341//1077 
f 1257//1077 1256//1077 1088//1077 
f 1088//1077 1260//1077 1259//1077 
f 1088//1077 1262//1077 1261//1077 
f 1090//1077 1272//1077 1271//1077 
f 1341//1077 1302//1077 1301//1077 
f 1341//1077 1304//1077 1303//1077 
f 1341//1077 1307//1077 1306//1077 
f 1252//1077 1309//1077 1341//1077 
f 1255//1077 1254//1077 1088//1077 
f 1261//1077 1260//1077 1088//1077 
f 1088//1077 1090//1077 1270//1077 
f 1090//1077 1273//1077 1272//1077 
f 1331//1077 1286//1077 1285//1077 
f 1331//1077 1289//1077 1288//1077 
f 1331//1077 1291//1077 1290//1077 
f 1331//1077 1295//1077 1294//1077 
f 1341//1077 1296//1077 1295//1077 
f 1303//1077 1302//1077 1341//1077 
f 1306//1077 1305//1077 1341//1077 
f 1254//1077 1253//1077 1088//1077 
f 1088//1077 1263//1077 1262//1077 
f 1088//1077 1269//1077 1268//1077 
f 1271//1077 1270//1077 1090//1077 
f 1090//1077 1279//1077 1278//1077 
f 1331//1077 1287//1077 1286//1077 
f 1290//1077 1289//1077 1331//1077 
f 1295//1077 1331//1077 1341//1077 
f 1341//1077 1298//1077 1297//1077 
f 1305//1077 1304//1077 1341//1077 
f 1259//1077 1258//1077 1088//1077 
f 1088//1077 1266//1077 1265//1077 
f 1270//1077 1269//1077 1088//1077 
f 1090//1077 1275//1077 1274//1077 
f 1278//1077 1277//1077 1090//1077 
f 1288//1077 1287//1077 1331//1077 
f 1331//1077 1293//1077 1292//1077 
f 1297//1077 1296//1077 1341//1077 
f 1308//1077 1307//1077 1341//1077 
f 1265//1077 1264//1077 1088//1077 
f 1274//1077 1273//1077 1090//1077 
f 1277//1077 1276//1077 1090//1077 
f 1331//1077 1281//1077 1280//1077 
f 1331//1077 1283//1077 1282//1077 
f 1285//1077 1284//1077 1331//1077 
f 1294//1077 1293//1077 1331//1077 
f 1341//1077 1300//1077 1299//1077 
f 1264//1077 1263//1077 1088//1077 
f 1276//1077 1275//1077 1090//1077 
f 1280//1077 1090//1077 1331//1077 
f 1284//1077 1283//1077 1331//1077 
f 1299//1077 1298//1077 1341//1077 
f 1088//1077 1267//1077 1266//1077 
f 1280//1077 1279//1077 1090//1077 
f 1292//1077 1291//1077 1331//1077 
f 1268//1077 1267//1077 1088//1077 
f 1301//1077 1300//1077 1341//1077 
f 1331//1077 1090//1077 1089//1077 
f 1334//1077 1237//1077 1236//1077 
f 1334//1077 1332//1077 1238//1077 
f 1334//1077 1228//1077 1227//1077 
f 1238//1077 1237//1077 1334//1077 
f 1332//1077 1240//1077 1239//1077 
f 1334//1077 1229//1077 1228//1077 
f 1334//1077 1232//1077 1231//1077 
f 1334//1077 1235//1077 1234//1077 
f 1239//1077 1238//1077 1332//1077 
f 1091//1077 1214//1077 1213//1077 
f 1334//1077 1230//1077 1229//1077 
f 1334//1077 1233//1077 1232//1077 
f 1236//1077 1235//1077 1334//1077 
f 1332//1077 1242//1077 1241//1077 
f 1332//1077 1248//1077 1247//1077 
f 1089//1077 1196//1077 1195//1077 
f 1089//1077 1202//1077 1201//1077 
f 1089//1077 1204//1077 1203//1077 
f 1091//1077 1211//1077 1210//1077 
f 1213//1077 1212//1077 1091//1077 
f 1091//1077 1219//1077 1218//1077 
f 1231//1077 1230//1077 1334//1077 
f 1241//1077 1240//1077 1332//1077 
f 1332//1077 1244//1077 1243//1077 
f 1332//1077 1246//1077 1245//1077 
f 1332//1077 1249//1077 1248//1077 
f 1332//1077 1194//1077 1251//1077 
f 1195//1077 1332//1077 1089//1077 
f 1089//1077 1200//1077 1199//1077 
f 1203//1077 1202//1077 1089//1077 
f 1089//1077 1208//1077 1207//1077 
f 1212//1077 1211//1077 1091//1077 
f 1091//1077 1216//1077 1215//1077 
f 1091//1077 1220//1077 1219//1077 
f 1334//1077 1226//1077 1225//1077 
f 1234//1077 1233//1077 1334//1077 
f 1245//1077 1244//1077 1332//1077 
f 1332//1077 1250//1077 1249//1077 
f 1195//1077 1194//1077 1332//1077 
f 1199//1077 1198//1077 1089//1077 
f 1089//1077 1205//1077 1204//1077 
f 1207//1077 1206//1077 1089//1077 
f 1215//1077 1214//1077 1091//1077 
f 1218//1077 1217//1077 1091//1077 
f 1091//1077 1222//1077 1221//1077 
f 1334//1077 1223//1077 1222//1077 
f 1225//1077 1224//1077 1334//1077 
f 1243//1077 1242//1077 1332//1077 
f 1251//1077 1250//1077 1332//1077 
f 1198//1077 1197//1077 1089//1077 
f 1206//1077 1205//1077 1089//1077 
f 1091//1077 1209//1077 1208//1077 
f 1217//1077 1216//1077 1091//1077 
f 1222//1077 1091//1077 1334//1077 
f 1227//1077 1226//1077 1334//1077 
f 1197//1077 1196//1077 1089//1077 
f 1208//1077 1089//1077 1091//1077 
f 1221//1077 1220//1077 1091//1077 
f 1247//1077 1246//1077 1332//1077 
f 1210//1077 1209//1077 1091//1077 
f 1201//1077 1200//1077 1089//1077 
f 1124//1077 1128//1077 1129//1077 
f 1092//1077 1133//1077 1134//1077 
f 1092//1077 1131//1077 1132//1077 
f 1124//1077 1127//1077 1128//1077 
f 1127//1077 1124//1077 1125//1077 
f 1130//1077 1092//1077 1122//1077 
f 1134//1077 1135//1077 1092//1077 
f 1092//1077 1130//1077 1131//1077 
f 1125//1077 1126//1077 1127//1077 
f 1122//1077 1123//1077 1130//1077 
f 1132//1077 1133//1077 1092//1077 
f 1123//1077 1124//1077 1130//1077 
f 1334//1077 1092//1077 1080//1077 
f 1129//1077 1130//1077 1124//1077 
f 1135//1077 1080//1077 1092//1077 
f 1334//1077 1091//1077 1092//1077 
f 1339//1077 1101//1077 1100//1077 
f 1335//1077 1078//1077 1095//1077 
f 1077//1077 1094//1077 1095//1077 
f 1095//1077 1078//1077 1077//1077 
f 1338//1077 1100//1077 1094//1077 
f 1094//1077 1077//1077 1338//1077 
f 1096//1077 1333//1077 1335//1077 
f 1340//1077 1330//1077 1097//1077 
f 1333//1077 1096//1077 1097//1077 
f 1339//1077 1340//1077 1099//1077 
f 1097//1077 1330//1077 1333//1077 
f 1097//1077 1099//1077 1340//1077 
f 1341//1077 1331//1077 1102//1077 
f 1331//1077 1330//1077 1103//1077 
f 1103//1077 1102//1077 1331//1077 
f 1337//1077 1107//1077 1103//1077 
f 1103//1077 1330//1077 1337//1077 
f 1106//1077 1325//1077 1326//1077 
f 1106//1077 1327//1077 1325//1077 
f 1326//1077 1105//1077 1106//1077 
f 1326//1077 1328//1077 1105//1077 
f 1341//1077 1104//1077 1105//1077 
f 1337//1077 1327//1077 1106//1077 
f 1105//1077 1320//1077 1341//1077 
f 1328//1077 1320//1077 1105//1077 
f 1106//1077 1107//1077 1337//1077 
f 1102//1077 1104//1077 1341//1077 
f 1099//1077 1101//1077 1339//1077 
f 1335//1077 1098//1077 1096//1077 
f 1095//1077 1098//1077 1335//1077 
f 1100//1077 1338//1077 1339//1077 
f 1080//1077 1079//1077 1334//1077 
f 1224//1077 1223//1077 1334//1077 
f 1089//1077 1332//1077 1331//1077 
f 1282//1077 1281//1077 1331//1077 
f 1093//1077 1088//1077 1341//1077 
f 1322//1077 1324//1077 1329//1077 
f 1318//1077 1327//1077 1337//1077 
f 1316//1077 1336//1077 1085//1077 
f 759//1077 757//1077 1340//1077 
f 1339//1077 1084//1077 1083//1077 
f 1166//1077 1165//1077 1338//1077 
f 1087//1077 1086//1077 1081//1077 
f 1330//1077 1340//1077 1336//1077 
f 1079//1077 1078//1077 1335//1077 
f 1334//1077 1335//1077 1333//1077 
f 1332//1077 1333//1077 1330//1077 
o mesh30
f 1041//1078 1044//1079 1321//1079 
f 1041//1078 1320//1078 1328//1080 
f 1328//1080 1059//1080 1041//1078 
f 1058//1081 1059//1080 1328//1080 
f 1060//1082 1058//1081 1326//1081 
f 1049//1083 1060//1082 1325//1082 
f 1049//1083 1327//1083 1318//1084 
f 1318//1084 1046//1084 1049//1083 
f 1047//1085 1046//1084 1318//1084 
f 1048//1086 1047//1085 1317//1085 
f 1051//1087 1048//1086 1319//1086 
f 1051//1087 1316//1087 1315//1088 
f 1315//1088 1054//1088 1051//1087 
f 1052//1089 1054//1088 1314//1090 
f 1054//1088 1315//1088 1314//1090 
f 1052//1089 1313//1089 1312//1091 
f 1053//1091 1312//1091 1311//1092 
f 1040//1093 1039//1094 1342//1094 
f 1343//1095 1043//1095 1045//1096 
f 1045//1096 1344//1097 1343//1095 
f 1043//1095 1343//1095 1323//1098 
f 1323//1098 1044//1079 1043//1095 
f 1323//1098 1321//1079 1044//1079 
f 1045//1096 1040//1093 1344//1097 
f 1342//1094 1344//1097 1040//1093 
f 1311//1092 1055//1099 1053//1091 
f 1312//1091 1053//1091 1052//1089 
f 1314//1090 1313//1089 1052//1089 
f 1319//1086 1316//1087 1051//1087 
f 1317//1085 1319//1086 1048//1086 
f 1318//1084 1317//1085 1047//1085 
f 1325//1082 1327//1083 1049//1083 
f 1326//1081 1325//1082 1060//1082 
f 1328//1080 1326//1081 1058//1081 
f 1321//1079 1320//1078 1041//1078 
o mesh31
f 1038//1100 1322//1100 1329//1100 
f 1329//1100 1039//1100 1038//1100 
f 1042//1100 1093//1100 1322//1100 
f 1322//1100 1038//1100 1042//1100 
f 1329//1100 1342//1100 1039//1100 
o mesh32
f 1344//1101 1329//1101 1324//1101 
f 1324//1101 1323//1101 1343//1101 
f 1324//1101 1343//1101 1344//1101 
f 1344//1101 1342//1101 1329//1101 
